--
-- PostgreSQL database dump
--

-- Dumped from database version 16.3
-- Dumped by pg_dump version 16.3

SET statement_timeout = 0;
SET lock_timeout = 0;
SET idle_in_transaction_session_timeout = 0;
SET client_encoding = 'UTF8';
SET standard_conforming_strings = on;
SELECT pg_catalog.set_config('search_path', '', false);
SET check_function_bodies = false;
SET xmloption = content;
SET client_min_messages = warning;
SET row_security = off;

SET default_tablespace = '';

SET default_table_access_method = heap;

--
-- Name: Amazonclone_address; Type: TABLE; Schema: public; Owner: postgres
--

CREATE TABLE public."Amazonclone_address" (
    id bigint NOT NULL,
    name character varying(100) NOT NULL,
    phone character varying(10) NOT NULL,
    pincode character varying(10) NOT NULL,
    address_line text NOT NULL,
    city character varying(100) NOT NULL,
    state character varying(100) NOT NULL,
    address_type character varying(10) NOT NULL,
    is_default boolean NOT NULL,
    user_id integer NOT NULL
);


ALTER TABLE public."Amazonclone_address" OWNER TO postgres;

--
-- Name: Amazonclone_address_id_seq; Type: SEQUENCE; Schema: public; Owner: postgres
--

ALTER TABLE public."Amazonclone_address" ALTER COLUMN id ADD GENERATED BY DEFAULT AS IDENTITY (
    SEQUENCE NAME public."Amazonclone_address_id_seq"
    START WITH 1
    INCREMENT BY 1
    NO MINVALUE
    NO MAXVALUE
    CACHE 1
);


--
-- Name: Amazonclone_cart; Type: TABLE; Schema: public; Owner: postgres
--

CREATE TABLE public."Amazonclone_cart" (
    id bigint NOT NULL,
    quantity integer NOT NULL,
    product_id bigint NOT NULL,
    user_id integer NOT NULL,
    size character varying(50),
    color character varying(50),
    CONSTRAINT "Amazonclone_cart_quantity_check" CHECK ((quantity >= 0))
);


ALTER TABLE public."Amazonclone_cart" OWNER TO postgres;

--
-- Name: Amazonclone_cart_id_seq; Type: SEQUENCE; Schema: public; Owner: postgres
--

ALTER TABLE public."Amazonclone_cart" ALTER COLUMN id ADD GENERATED BY DEFAULT AS IDENTITY (
    SEQUENCE NAME public."Amazonclone_cart_id_seq"
    START WITH 1
    INCREMENT BY 1
    NO MINVALUE
    NO MAXVALUE
    CACHE 1
);


--
-- Name: Amazonclone_order; Type: TABLE; Schema: public; Owner: postgres
--

CREATE TABLE public."Amazonclone_order" (
    id bigint NOT NULL,
    order_date timestamp with time zone NOT NULL,
    status character varying(20) NOT NULL,
    user_id integer NOT NULL,
    total_price numeric(10,2) NOT NULL,
    payment_id character varying(100),
    payment_method character varying(20) NOT NULL,
    payment_status character varying(20) NOT NULL,
    razorpay_order_id character varying(100)
);


ALTER TABLE public."Amazonclone_order" OWNER TO postgres;

--
-- Name: Amazonclone_order_id_seq; Type: SEQUENCE; Schema: public; Owner: postgres
--

ALTER TABLE public."Amazonclone_order" ALTER COLUMN id ADD GENERATED BY DEFAULT AS IDENTITY (
    SEQUENCE NAME public."Amazonclone_order_id_seq"
    START WITH 1
    INCREMENT BY 1
    NO MINVALUE
    NO MAXVALUE
    CACHE 1
);


--
-- Name: Amazonclone_orderitem; Type: TABLE; Schema: public; Owner: postgres
--

CREATE TABLE public."Amazonclone_orderitem" (
    id bigint NOT NULL,
    product_name character varying(100) NOT NULL,
    price numeric(10,2) NOT NULL,
    order_id bigint NOT NULL,
    quantity integer NOT NULL,
    CONSTRAINT "Amazonclone_orderitem_quantity_check" CHECK ((quantity >= 0))
);


ALTER TABLE public."Amazonclone_orderitem" OWNER TO postgres;

--
-- Name: Amazonclone_orderitem_id_seq; Type: SEQUENCE; Schema: public; Owner: postgres
--

ALTER TABLE public."Amazonclone_orderitem" ALTER COLUMN id ADD GENERATED BY DEFAULT AS IDENTITY (
    SEQUENCE NAME public."Amazonclone_orderitem_id_seq"
    START WITH 1
    INCREMENT BY 1
    NO MINVALUE
    NO MAXVALUE
    CACHE 1
);


--
-- Name: Amazonclone_otpverification; Type: TABLE; Schema: public; Owner: postgres
--

CREATE TABLE public."Amazonclone_otpverification" (
    id bigint NOT NULL,
    otp character varying(6) NOT NULL,
    expires_at timestamp with time zone NOT NULL,
    verified boolean NOT NULL,
    user_id integer NOT NULL
);


ALTER TABLE public."Amazonclone_otpverification" OWNER TO postgres;

--
-- Name: Amazonclone_otpverification_id_seq; Type: SEQUENCE; Schema: public; Owner: postgres
--

ALTER TABLE public."Amazonclone_otpverification" ALTER COLUMN id ADD GENERATED BY DEFAULT AS IDENTITY (
    SEQUENCE NAME public."Amazonclone_otpverification_id_seq"
    START WITH 1
    INCREMENT BY 1
    NO MINVALUE
    NO MAXVALUE
    CACHE 1
);


--
-- Name: Amazonclone_product; Type: TABLE; Schema: public; Owner: postgres
--

CREATE TABLE public."Amazonclone_product" (
    id bigint NOT NULL,
    name character varying(100) NOT NULL,
    price numeric(10,2) NOT NULL,
    description text NOT NULL,
    category character varying(100) NOT NULL,
    image character varying(100) NOT NULL,
    created_at timestamp with time zone NOT NULL,
    colors character varying(100) NOT NULL,
    rating double precision NOT NULL,
    sizes character varying(100) NOT NULL,
    specifications text NOT NULL,
    stock integer NOT NULL,
    brand character varying(100),
    base_price numeric(10,2) NOT NULL,
    view_count integer NOT NULL,
    CONSTRAINT "Amazonclone_product_stock_check" CHECK ((stock >= 0)),
    CONSTRAINT "Amazonclone_product_view_count_check" CHECK ((view_count >= 0))
);


ALTER TABLE public."Amazonclone_product" OWNER TO postgres;

--
-- Name: Amazonclone_product_id_seq; Type: SEQUENCE; Schema: public; Owner: postgres
--

ALTER TABLE public."Amazonclone_product" ALTER COLUMN id ADD GENERATED BY DEFAULT AS IDENTITY (
    SEQUENCE NAME public."Amazonclone_product_id_seq"
    START WITH 1
    INCREMENT BY 1
    NO MINVALUE
    NO MAXVALUE
    CACHE 1
);


--
-- Name: Amazonclone_productquestion; Type: TABLE; Schema: public; Owner: postgres
--

CREATE TABLE public."Amazonclone_productquestion" (
    id bigint NOT NULL,
    question_text text NOT NULL,
    answer text,
    asked_at timestamp with time zone NOT NULL,
    answered_at timestamp with time zone,
    product_id bigint NOT NULL,
    user_id integer NOT NULL
);


ALTER TABLE public."Amazonclone_productquestion" OWNER TO postgres;

--
-- Name: Amazonclone_productquestion_id_seq; Type: SEQUENCE; Schema: public; Owner: postgres
--

ALTER TABLE public."Amazonclone_productquestion" ALTER COLUMN id ADD GENERATED BY DEFAULT AS IDENTITY (
    SEQUENCE NAME public."Amazonclone_productquestion_id_seq"
    START WITH 1
    INCREMENT BY 1
    NO MINVALUE
    NO MAXVALUE
    CACHE 1
);


--
-- Name: Amazonclone_profile; Type: TABLE; Schema: public; Owner: postgres
--

CREATE TABLE public."Amazonclone_profile" (
    id bigint NOT NULL,
    phone character varying(15) NOT NULL,
    address text NOT NULL,
    city character varying(100) NOT NULL,
    user_id integer NOT NULL,
    email_verified boolean NOT NULL,
    otp character varying(6),
    default_address_id bigint,
    is_blocked boolean NOT NULL,
    pincode character varying(10) NOT NULL,
    state character varying(100) NOT NULL
);


ALTER TABLE public."Amazonclone_profile" OWNER TO postgres;

--
-- Name: Amazonclone_profile_id_seq; Type: SEQUENCE; Schema: public; Owner: postgres
--

ALTER TABLE public."Amazonclone_profile" ALTER COLUMN id ADD GENERATED BY DEFAULT AS IDENTITY (
    SEQUENCE NAME public."Amazonclone_profile_id_seq"
    START WITH 1
    INCREMENT BY 1
    NO MINVALUE
    NO MAXVALUE
    CACHE 1
);


--
-- Name: Amazonclone_review; Type: TABLE; Schema: public; Owner: postgres
--

CREATE TABLE public."Amazonclone_review" (
    id bigint NOT NULL,
    rating smallint NOT NULL,
    comment text NOT NULL,
    created_at timestamp with time zone NOT NULL,
    product_id bigint NOT NULL,
    user_id integer NOT NULL,
    image character varying(100),
    CONSTRAINT "Amazonclone_review_rating_check" CHECK ((rating >= 0))
);


ALTER TABLE public."Amazonclone_review" OWNER TO postgres;

--
-- Name: Amazonclone_review_id_seq; Type: SEQUENCE; Schema: public; Owner: postgres
--

ALTER TABLE public."Amazonclone_review" ALTER COLUMN id ADD GENERATED BY DEFAULT AS IDENTITY (
    SEQUENCE NAME public."Amazonclone_review_id_seq"
    START WITH 1
    INCREMENT BY 1
    NO MINVALUE
    NO MAXVALUE
    CACHE 1
);


--
-- Name: Amazonclone_stockalert; Type: TABLE; Schema: public; Owner: postgres
--

CREATE TABLE public."Amazonclone_stockalert" (
    id bigint NOT NULL,
    notified boolean NOT NULL,
    product_id bigint NOT NULL,
    user_id integer NOT NULL
);


ALTER TABLE public."Amazonclone_stockalert" OWNER TO postgres;

--
-- Name: Amazonclone_stockalert_id_seq; Type: SEQUENCE; Schema: public; Owner: postgres
--

ALTER TABLE public."Amazonclone_stockalert" ALTER COLUMN id ADD GENERATED BY DEFAULT AS IDENTITY (
    SEQUENCE NAME public."Amazonclone_stockalert_id_seq"
    START WITH 1
    INCREMENT BY 1
    NO MINVALUE
    NO MAXVALUE
    CACHE 1
);


--
-- Name: Amazonclone_stocknotification; Type: TABLE; Schema: public; Owner: postgres
--

CREATE TABLE public."Amazonclone_stocknotification" (
    id bigint NOT NULL,
    notified boolean NOT NULL,
    created_at timestamp with time zone NOT NULL,
    product_id bigint NOT NULL,
    user_id integer NOT NULL
);


ALTER TABLE public."Amazonclone_stocknotification" OWNER TO postgres;

--
-- Name: Amazonclone_stocknotification_id_seq; Type: SEQUENCE; Schema: public; Owner: postgres
--

ALTER TABLE public."Amazonclone_stocknotification" ALTER COLUMN id ADD GENERATED BY DEFAULT AS IDENTITY (
    SEQUENCE NAME public."Amazonclone_stocknotification_id_seq"
    START WITH 1
    INCREMENT BY 1
    NO MINVALUE
    NO MAXVALUE
    CACHE 1
);


--
-- Name: Amazonclone_userlocation; Type: TABLE; Schema: public; Owner: postgres
--

CREATE TABLE public."Amazonclone_userlocation" (
    id bigint NOT NULL,
    latitude numeric(9,6) NOT NULL,
    longitude numeric(9,6) NOT NULL,
    updated_at timestamp with time zone NOT NULL,
    user_id integer NOT NULL,
    city character varying(100),
    country character varying(100)
);


ALTER TABLE public."Amazonclone_userlocation" OWNER TO postgres;

--
-- Name: Amazonclone_userlocation_id_seq; Type: SEQUENCE; Schema: public; Owner: postgres
--

ALTER TABLE public."Amazonclone_userlocation" ALTER COLUMN id ADD GENERATED BY DEFAULT AS IDENTITY (
    SEQUENCE NAME public."Amazonclone_userlocation_id_seq"
    START WITH 1
    INCREMENT BY 1
    NO MINVALUE
    NO MAXVALUE
    CACHE 1
);


--
-- Name: account_emailaddress; Type: TABLE; Schema: public; Owner: postgres
--

CREATE TABLE public.account_emailaddress (
    id integer NOT NULL,
    email character varying(254) NOT NULL,
    verified boolean NOT NULL,
    "primary" boolean NOT NULL,
    user_id integer NOT NULL
);


ALTER TABLE public.account_emailaddress OWNER TO postgres;

--
-- Name: account_emailaddress_id_seq; Type: SEQUENCE; Schema: public; Owner: postgres
--

ALTER TABLE public.account_emailaddress ALTER COLUMN id ADD GENERATED BY DEFAULT AS IDENTITY (
    SEQUENCE NAME public.account_emailaddress_id_seq
    START WITH 1
    INCREMENT BY 1
    NO MINVALUE
    NO MAXVALUE
    CACHE 1
);


--
-- Name: account_emailconfirmation; Type: TABLE; Schema: public; Owner: postgres
--

CREATE TABLE public.account_emailconfirmation (
    id integer NOT NULL,
    created timestamp with time zone NOT NULL,
    sent timestamp with time zone,
    key character varying(64) NOT NULL,
    email_address_id integer NOT NULL
);


ALTER TABLE public.account_emailconfirmation OWNER TO postgres;

--
-- Name: account_emailconfirmation_id_seq; Type: SEQUENCE; Schema: public; Owner: postgres
--

ALTER TABLE public.account_emailconfirmation ALTER COLUMN id ADD GENERATED BY DEFAULT AS IDENTITY (
    SEQUENCE NAME public.account_emailconfirmation_id_seq
    START WITH 1
    INCREMENT BY 1
    NO MINVALUE
    NO MAXVALUE
    CACHE 1
);


--
-- Name: auth_group; Type: TABLE; Schema: public; Owner: postgres
--

CREATE TABLE public.auth_group (
    id integer NOT NULL,
    name character varying(150) NOT NULL
);


ALTER TABLE public.auth_group OWNER TO postgres;

--
-- Name: auth_group_id_seq; Type: SEQUENCE; Schema: public; Owner: postgres
--

ALTER TABLE public.auth_group ALTER COLUMN id ADD GENERATED BY DEFAULT AS IDENTITY (
    SEQUENCE NAME public.auth_group_id_seq
    START WITH 1
    INCREMENT BY 1
    NO MINVALUE
    NO MAXVALUE
    CACHE 1
);


--
-- Name: auth_group_permissions; Type: TABLE; Schema: public; Owner: postgres
--

CREATE TABLE public.auth_group_permissions (
    id bigint NOT NULL,
    group_id integer NOT NULL,
    permission_id integer NOT NULL
);


ALTER TABLE public.auth_group_permissions OWNER TO postgres;

--
-- Name: auth_group_permissions_id_seq; Type: SEQUENCE; Schema: public; Owner: postgres
--

ALTER TABLE public.auth_group_permissions ALTER COLUMN id ADD GENERATED BY DEFAULT AS IDENTITY (
    SEQUENCE NAME public.auth_group_permissions_id_seq
    START WITH 1
    INCREMENT BY 1
    NO MINVALUE
    NO MAXVALUE
    CACHE 1
);


--
-- Name: auth_permission; Type: TABLE; Schema: public; Owner: postgres
--

CREATE TABLE public.auth_permission (
    id integer NOT NULL,
    name character varying(255) NOT NULL,
    content_type_id integer NOT NULL,
    codename character varying(100) NOT NULL
);


ALTER TABLE public.auth_permission OWNER TO postgres;

--
-- Name: auth_permission_id_seq; Type: SEQUENCE; Schema: public; Owner: postgres
--

ALTER TABLE public.auth_permission ALTER COLUMN id ADD GENERATED BY DEFAULT AS IDENTITY (
    SEQUENCE NAME public.auth_permission_id_seq
    START WITH 1
    INCREMENT BY 1
    NO MINVALUE
    NO MAXVALUE
    CACHE 1
);


--
-- Name: auth_user; Type: TABLE; Schema: public; Owner: postgres
--

CREATE TABLE public.auth_user (
    id integer NOT NULL,
    password character varying(128) NOT NULL,
    last_login timestamp with time zone,
    is_superuser boolean NOT NULL,
    username character varying(150) NOT NULL,
    first_name character varying(150) NOT NULL,
    last_name character varying(150) NOT NULL,
    email character varying(254) NOT NULL,
    is_staff boolean NOT NULL,
    is_active boolean NOT NULL,
    date_joined timestamp with time zone NOT NULL
);


ALTER TABLE public.auth_user OWNER TO postgres;

--
-- Name: auth_user_groups; Type: TABLE; Schema: public; Owner: postgres
--

CREATE TABLE public.auth_user_groups (
    id bigint NOT NULL,
    user_id integer NOT NULL,
    group_id integer NOT NULL
);


ALTER TABLE public.auth_user_groups OWNER TO postgres;

--
-- Name: auth_user_groups_id_seq; Type: SEQUENCE; Schema: public; Owner: postgres
--

ALTER TABLE public.auth_user_groups ALTER COLUMN id ADD GENERATED BY DEFAULT AS IDENTITY (
    SEQUENCE NAME public.auth_user_groups_id_seq
    START WITH 1
    INCREMENT BY 1
    NO MINVALUE
    NO MAXVALUE
    CACHE 1
);


--
-- Name: auth_user_id_seq; Type: SEQUENCE; Schema: public; Owner: postgres
--

ALTER TABLE public.auth_user ALTER COLUMN id ADD GENERATED BY DEFAULT AS IDENTITY (
    SEQUENCE NAME public.auth_user_id_seq
    START WITH 1
    INCREMENT BY 1
    NO MINVALUE
    NO MAXVALUE
    CACHE 1
);


--
-- Name: auth_user_user_permissions; Type: TABLE; Schema: public; Owner: postgres
--

CREATE TABLE public.auth_user_user_permissions (
    id bigint NOT NULL,
    user_id integer NOT NULL,
    permission_id integer NOT NULL
);


ALTER TABLE public.auth_user_user_permissions OWNER TO postgres;

--
-- Name: auth_user_user_permissions_id_seq; Type: SEQUENCE; Schema: public; Owner: postgres
--

ALTER TABLE public.auth_user_user_permissions ALTER COLUMN id ADD GENERATED BY DEFAULT AS IDENTITY (
    SEQUENCE NAME public.auth_user_user_permissions_id_seq
    START WITH 1
    INCREMENT BY 1
    NO MINVALUE
    NO MAXVALUE
    CACHE 1
);


--
-- Name: django_admin_log; Type: TABLE; Schema: public; Owner: postgres
--

CREATE TABLE public.django_admin_log (
    id integer NOT NULL,
    action_time timestamp with time zone NOT NULL,
    object_id text,
    object_repr character varying(200) NOT NULL,
    action_flag smallint NOT NULL,
    change_message text NOT NULL,
    content_type_id integer,
    user_id integer NOT NULL,
    CONSTRAINT django_admin_log_action_flag_check CHECK ((action_flag >= 0))
);


ALTER TABLE public.django_admin_log OWNER TO postgres;

--
-- Name: django_admin_log_id_seq; Type: SEQUENCE; Schema: public; Owner: postgres
--

ALTER TABLE public.django_admin_log ALTER COLUMN id ADD GENERATED BY DEFAULT AS IDENTITY (
    SEQUENCE NAME public.django_admin_log_id_seq
    START WITH 1
    INCREMENT BY 1
    NO MINVALUE
    NO MAXVALUE
    CACHE 1
);


--
-- Name: django_content_type; Type: TABLE; Schema: public; Owner: postgres
--

CREATE TABLE public.django_content_type (
    id integer NOT NULL,
    app_label character varying(100) NOT NULL,
    model character varying(100) NOT NULL
);


ALTER TABLE public.django_content_type OWNER TO postgres;

--
-- Name: django_content_type_id_seq; Type: SEQUENCE; Schema: public; Owner: postgres
--

ALTER TABLE public.django_content_type ALTER COLUMN id ADD GENERATED BY DEFAULT AS IDENTITY (
    SEQUENCE NAME public.django_content_type_id_seq
    START WITH 1
    INCREMENT BY 1
    NO MINVALUE
    NO MAXVALUE
    CACHE 1
);


--
-- Name: django_migrations; Type: TABLE; Schema: public; Owner: postgres
--

CREATE TABLE public.django_migrations (
    id bigint NOT NULL,
    app character varying(255) NOT NULL,
    name character varying(255) NOT NULL,
    applied timestamp with time zone NOT NULL
);


ALTER TABLE public.django_migrations OWNER TO postgres;

--
-- Name: django_migrations_id_seq; Type: SEQUENCE; Schema: public; Owner: postgres
--

ALTER TABLE public.django_migrations ALTER COLUMN id ADD GENERATED BY DEFAULT AS IDENTITY (
    SEQUENCE NAME public.django_migrations_id_seq
    START WITH 1
    INCREMENT BY 1
    NO MINVALUE
    NO MAXVALUE
    CACHE 1
);


--
-- Name: django_session; Type: TABLE; Schema: public; Owner: postgres
--

CREATE TABLE public.django_session (
    session_key character varying(40) NOT NULL,
    session_data text NOT NULL,
    expire_date timestamp with time zone NOT NULL
);


ALTER TABLE public.django_session OWNER TO postgres;

--
-- Name: django_site; Type: TABLE; Schema: public; Owner: postgres
--

CREATE TABLE public.django_site (
    id integer NOT NULL,
    domain character varying(100) NOT NULL,
    name character varying(50) NOT NULL
);


ALTER TABLE public.django_site OWNER TO postgres;

--
-- Name: django_site_id_seq; Type: SEQUENCE; Schema: public; Owner: postgres
--

ALTER TABLE public.django_site ALTER COLUMN id ADD GENERATED BY DEFAULT AS IDENTITY (
    SEQUENCE NAME public.django_site_id_seq
    START WITH 1
    INCREMENT BY 1
    NO MINVALUE
    NO MAXVALUE
    CACHE 1
);


--
-- Name: socialaccount_socialaccount; Type: TABLE; Schema: public; Owner: postgres
--

CREATE TABLE public.socialaccount_socialaccount (
    id integer NOT NULL,
    provider character varying(200) NOT NULL,
    uid character varying(191) NOT NULL,
    last_login timestamp with time zone NOT NULL,
    date_joined timestamp with time zone NOT NULL,
    extra_data jsonb NOT NULL,
    user_id integer NOT NULL
);


ALTER TABLE public.socialaccount_socialaccount OWNER TO postgres;

--
-- Name: socialaccount_socialaccount_id_seq; Type: SEQUENCE; Schema: public; Owner: postgres
--

ALTER TABLE public.socialaccount_socialaccount ALTER COLUMN id ADD GENERATED BY DEFAULT AS IDENTITY (
    SEQUENCE NAME public.socialaccount_socialaccount_id_seq
    START WITH 1
    INCREMENT BY 1
    NO MINVALUE
    NO MAXVALUE
    CACHE 1
);


--
-- Name: socialaccount_socialapp; Type: TABLE; Schema: public; Owner: postgres
--

CREATE TABLE public.socialaccount_socialapp (
    id integer NOT NULL,
    provider character varying(30) NOT NULL,
    name character varying(40) NOT NULL,
    client_id character varying(191) NOT NULL,
    secret character varying(191) NOT NULL,
    key character varying(191) NOT NULL,
    provider_id character varying(200) NOT NULL,
    settings jsonb NOT NULL
);


ALTER TABLE public.socialaccount_socialapp OWNER TO postgres;

--
-- Name: socialaccount_socialapp_id_seq; Type: SEQUENCE; Schema: public; Owner: postgres
--

ALTER TABLE public.socialaccount_socialapp ALTER COLUMN id ADD GENERATED BY DEFAULT AS IDENTITY (
    SEQUENCE NAME public.socialaccount_socialapp_id_seq
    START WITH 1
    INCREMENT BY 1
    NO MINVALUE
    NO MAXVALUE
    CACHE 1
);


--
-- Name: socialaccount_socialapp_sites; Type: TABLE; Schema: public; Owner: postgres
--

CREATE TABLE public.socialaccount_socialapp_sites (
    id bigint NOT NULL,
    socialapp_id integer NOT NULL,
    site_id integer NOT NULL
);


ALTER TABLE public.socialaccount_socialapp_sites OWNER TO postgres;

--
-- Name: socialaccount_socialapp_sites_id_seq; Type: SEQUENCE; Schema: public; Owner: postgres
--

ALTER TABLE public.socialaccount_socialapp_sites ALTER COLUMN id ADD GENERATED BY DEFAULT AS IDENTITY (
    SEQUENCE NAME public.socialaccount_socialapp_sites_id_seq
    START WITH 1
    INCREMENT BY 1
    NO MINVALUE
    NO MAXVALUE
    CACHE 1
);


--
-- Name: socialaccount_socialtoken; Type: TABLE; Schema: public; Owner: postgres
--

CREATE TABLE public.socialaccount_socialtoken (
    id integer NOT NULL,
    token text NOT NULL,
    token_secret text NOT NULL,
    expires_at timestamp with time zone,
    account_id integer NOT NULL,
    app_id integer
);


ALTER TABLE public.socialaccount_socialtoken OWNER TO postgres;

--
-- Name: socialaccount_socialtoken_id_seq; Type: SEQUENCE; Schema: public; Owner: postgres
--

ALTER TABLE public.socialaccount_socialtoken ALTER COLUMN id ADD GENERATED BY DEFAULT AS IDENTITY (
    SEQUENCE NAME public.socialaccount_socialtoken_id_seq
    START WITH 1
    INCREMENT BY 1
    NO MINVALUE
    NO MAXVALUE
    CACHE 1
);


--
-- Data for Name: Amazonclone_address; Type: TABLE DATA; Schema: public; Owner: postgres
--

COPY public."Amazonclone_address" (id, name, phone, pincode, address_line, city, state, address_type, is_default, user_id) FROM stdin;
\.


--
-- Data for Name: Amazonclone_cart; Type: TABLE DATA; Schema: public; Owner: postgres
--

COPY public."Amazonclone_cart" (id, quantity, product_id, user_id, size, color) FROM stdin;
21	1	8	6		Black
29	1	3	6	S	black
25	2	4	6		Silver
30	1	3	71	S	black
\.


--
-- Data for Name: Amazonclone_order; Type: TABLE DATA; Schema: public; Owner: postgres
--

COPY public."Amazonclone_order" (id, order_date, status, user_id, total_price, payment_id, payment_method, payment_status, razorpay_order_id) FROM stdin;
135	2025-07-02 14:17:14.236611+05:30	Pending	6	6414.00	\N	Online	Pending	order_Qo8cq2tfRWcpSk
136	2025-07-03 11:17:16.466041+05:30	Pending	6	8109.00	\N	Online	Pending	order_QoU5rY9WAaajfU
137	2025-07-03 11:17:57.636165+05:30	Pending	6	8109.00	pay_QoU6s7WefMG2ql	Online	Paid	order_QoU6aZrqeABzhx
139	2025-07-07 16:58:00.141952+05:30	Pending	6	7908.00	\N	Online	Pending	order_QqA2H3rAqWM8Rj
\.


--
-- Data for Name: Amazonclone_orderitem; Type: TABLE DATA; Schema: public; Owner: postgres
--

COPY public."Amazonclone_orderitem" (id, product_name, price, order_id, quantity) FROM stdin;
\.


--
-- Data for Name: Amazonclone_otpverification; Type: TABLE DATA; Schema: public; Owner: postgres
--

COPY public."Amazonclone_otpverification" (id, otp, expires_at, verified, user_id) FROM stdin;
\.


--
-- Data for Name: Amazonclone_product; Type: TABLE DATA; Schema: public; Owner: postgres
--

COPY public."Amazonclone_product" (id, name, price, description, category, image, created_at, colors, rating, sizes, specifications, stock, brand, base_price, view_count) FROM stdin;
3	Womens Tshirt	402.99	Levi's Women's Cotton Regular Fit Polo T-Shirt	fashion	images/LevisWomenstshirt.jpg	2025-06-06 14:38:52.448994+05:30	black	4.33	S,L,XL		1	\N	399.00	11
5	GIVA 925 Silver Rose Gold Infinity Pendant Necklace Ring Stud Earrings Toe Rings Anklet Bracelet Set	3000.00	PRODUCT DETAILS : Made of 925 Silver, Charm: 14 mm X 5mm, Length: 21 cm + 4 cm Adjustable\r\nPACKAGING & CARE INSTRUCTIONS : The anklets comes in a cute GIVA jewellery box along with a GIVA jewellery kit which includes a soft cleaning cloth for jewellery care . Wipe your jewellery with the soft cloth after every use, store it in a flat box to avoid accidental scratches. Keep sprays and perfumes away from your jewellery, do not soak it in water\r\nWARRANTY: GIVA offers a manufacturer's warranty* that covers the replacement of your GIVA Jewellery for 6 months from the date of purchase & Free Lifetime Plating Service . Providing the original invoice is mandatory. *T&C apply, detailed T&C available on our website\r\nCERTIFICATION: All our jewellery is 925 Stamped and comes with an Authenticity Certificate\r\nABOUT GIVA: GIVA is all about YOU. A one stop shop for the trendiest silver jewellery, our intent is to bring you something personal to express yourself the best!\r\nCharm: 14 mm X 5mm Length: 21 cm + 4 cm Adjustable	fashion	images/giva.jpg	2025-07-01 11:47:45.72645+05:30		0		Product details\r\nClasp typeLobster Claw\r\nMaterial typeSterling Silver\r\nMetal typeSterling Silver\r\nChain typeBead Chain\r\nGem typePearl\r\nCountry of OriginIndia	2	\N	3000.00	2
6	Skechers Women Lace Up Walking Shoes	5299.00	About this item\r\nRelaxed Fit for a roomy comfort fit at toe and forefoot\r\nAir-Cooled Memory Foam cushioned comfort insole\r\nSkech-Foam well-cushioned midsole for added support\r\nLace-up comfort walking sneaker design\r\nMachine washable	fashion	images/sketchers.jpg	2025-07-01 14:47:34.725127+05:30	Navy Blue	5	2UK,3UK,8UK,7UK	Product details\r\nClosure typeLace-Up\r\nHeel typeNo Heel\r\nWater resistance levelNot Water Resistant\r\nSole materialRubber\r\nStyleSneaker\r\nOuter materialKnit	5	\N	5299.00	2
4	Casio Vintage A-158WA-1Q Digital Grey Dial Unisex Watch Silver Metal Strap (D011)	2745.00	Dial Color: Grey, Case Shape: Rectangular, Dial Glass material: Mineral\r\nBand Color: Silver, Band Material: Stainless Steel\r\nWatch Movement Type: Quartz, Watch Display Type: Digital and Stainless Steel Bezel\r\nCase Material: Stainless Steel, Case Diameter: 32 millimeters , Size of case : 36.8×33.2×8.2mm\r\nFold Over Clasp\r\nWarranty type: Manufacturer; 2 Years Domestic Warranty	electronics	images/casio.jpg	2025-07-01 11:27:40.521249+05:30	Silver	0		Product details\r\nCase diameter33 Millimetres\r\nBand colourSilver\r\nBand material typeStainless Steel\r\nWarranty typeLimited\r\nWatch movement typeQuartz\r\nItem weight48 Grams\r\nCountry of OriginChina	5	\N	2745.00	1
8	amazon basics 450 W CENTRIFUGAL JUICER WITH PUSHER | REMOVABLE PULP CONTAINER | SS MESH FILTER & 3 S	1399.00	About this item\r\nPowerful Motor: Juice fruits and vegetables effortlessly with the 450 W motor.\r\nSS Filter: A unique large honeycomb-shaped stainless steel filter mesh helps filter out finer juice with higher yield.\r\nErgonomic Design: The removable pulp container captures all the pulp when you are using the juicer.	appliances	images/juicer.jpg	2025-07-01 14:54:41.85017+05:30	Black	4		Brand\tamazon basics\r\nColour\tBlack\r\nSpecial Feature\tPulp Control\r\nProduct Dimensions\t22D x 30W x 31H Centimeters\r\nFinish Type\tBrushed	2	\N	1399.00	1
1	Samsung S24 Ultra	89999.00	Samsung Galaxy S24 Ultra 5G AI Smartphone with Galaxy AI (Titanium Gray, 12GB, 256GB Storage), Snapdragon 8 Gen 3, 200 MP Camera with ProVisual Engine and 5000mAh Battery	electronics	images/S24Ultra.jpg	2025-06-06 12:40:34.20976+05:30		0			1	\N	89999.00	1
2	Levi's Men's 511 Slim Fit Mid Rise Blue Jeans	499.00	Product details\r\nMaterial typeCotton\r\nLengthFull Length [NA]\r\nStyleClassic\r\nClosure typeButton\r\nOccasion typeCasual\r\nCare instructionsMachine Wash\r\nCountry of OriginIndia	fashion	images/levisjeans.jpg	2025-06-06 12:41:54.19747+05:30	blue	4	L , XL		1	\N	499.00	3
7	Mobilife Long Selfie Stick with Tripod Stand Aluminum 61 inch Multifunctional Bluetooth Tripod for M	1119.00	About this item\r\n[Extra-long telescopic pole&Put more beauty into pictures or videos]--The maximum extended length is 61.4 inch/156 cm and is longer than most selfie sticks.You can choose a higher angle to capture the more wider image.The folded length is 13.1 inch/33 cm,easy to carry.\r\n[Large ABS reinforced non-slip tripod&Super Stable]--The tripod is very stable when it is mounted with phone or camera standing on desktop or ground,because the tripod is very large and has non-slip silicone pads at the bottom of each foot,the bottom of the stick has additional ABS supports to connect each foot.	electronics	images/tripod.jpg	2025-07-01 14:50:18.105047+05:30	Black	3.5		Brand\tMOBILIFE\r\nColour\tBlack\r\nCompatible Devices\tRing Light, Gopro, Cellphone, Camera\r\nSpecial Feature\t61-inch Long Length, Bluetooth Remote, High-quality Aluminium+ABS, 1/4" Universal Screw, Reinforced Tripod61-inch Long Length, Bluetooth Remote, High-quality Aluminium+ABS, 1/4" Universal Screw, Reinforced Tripod\r\nMaterial\tAluminium, Acrylonitrile Butadiene Styrene (ABS)	4	\N	1119.00	3
\.


--
-- Data for Name: Amazonclone_productquestion; Type: TABLE DATA; Schema: public; Owner: postgres
--

COPY public."Amazonclone_productquestion" (id, question_text, answer, asked_at, answered_at, product_id, user_id) FROM stdin;
\.


--
-- Data for Name: Amazonclone_profile; Type: TABLE DATA; Schema: public; Owner: postgres
--

COPY public."Amazonclone_profile" (id, phone, address, city, user_id, email_verified, otp, default_address_id, is_blocked, pincode, state) FROM stdin;
70				70	f	\N	\N	f		
5	918320984867	ahmedabad	Ahmedabad	6	f	\N	\N	f		
71				71	f	\N	\N	f		
72				72	f	\N	\N	f		
68				68	f	\N	\N	f		
\.


--
-- Data for Name: Amazonclone_review; Type: TABLE DATA; Schema: public; Owner: postgres
--

COPY public."Amazonclone_review" (id, rating, comment, created_at, product_id, user_id, image) FROM stdin;
4	5	good	2025-07-07 16:14:34.314886+05:30	3	6	
\.


--
-- Data for Name: Amazonclone_stockalert; Type: TABLE DATA; Schema: public; Owner: postgres
--

COPY public."Amazonclone_stockalert" (id, notified, product_id, user_id) FROM stdin;
\.


--
-- Data for Name: Amazonclone_stocknotification; Type: TABLE DATA; Schema: public; Owner: postgres
--

COPY public."Amazonclone_stocknotification" (id, notified, created_at, product_id, user_id) FROM stdin;
\.


--
-- Data for Name: Amazonclone_userlocation; Type: TABLE DATA; Schema: public; Owner: postgres
--

COPY public."Amazonclone_userlocation" (id, latitude, longitude, updated_at, user_id, city, country) FROM stdin;
\.


--
-- Data for Name: account_emailaddress; Type: TABLE DATA; Schema: public; Owner: postgres
--

COPY public.account_emailaddress (id, email, verified, "primary", user_id) FROM stdin;
3	prekshajoshi44@gmail.com	t	t	6
7	202412029@dau.ac.in	t	t	68
8	itspreksha54@gmail.com	t	t	71
9	prexa180@gmail.com	t	t	72
\.


--
-- Data for Name: account_emailconfirmation; Type: TABLE DATA; Schema: public; Owner: postgres
--

COPY public.account_emailconfirmation (id, created, sent, key, email_address_id) FROM stdin;
\.


--
-- Data for Name: auth_group; Type: TABLE DATA; Schema: public; Owner: postgres
--

COPY public.auth_group (id, name) FROM stdin;
\.


--
-- Data for Name: auth_group_permissions; Type: TABLE DATA; Schema: public; Owner: postgres
--

COPY public.auth_group_permissions (id, group_id, permission_id) FROM stdin;
\.


--
-- Data for Name: auth_permission; Type: TABLE DATA; Schema: public; Owner: postgres
--

COPY public.auth_permission (id, name, content_type_id, codename) FROM stdin;
1	Can add log entry	1	add_logentry
2	Can change log entry	1	change_logentry
3	Can delete log entry	1	delete_logentry
4	Can view log entry	1	view_logentry
5	Can add permission	2	add_permission
6	Can change permission	2	change_permission
7	Can delete permission	2	delete_permission
8	Can view permission	2	view_permission
9	Can add group	3	add_group
10	Can change group	3	change_group
11	Can delete group	3	delete_group
12	Can view group	3	view_group
13	Can add user	4	add_user
14	Can change user	4	change_user
15	Can delete user	4	delete_user
16	Can view user	4	view_user
17	Can add content type	5	add_contenttype
18	Can change content type	5	change_contenttype
19	Can delete content type	5	delete_contenttype
20	Can view content type	5	view_contenttype
21	Can add session	6	add_session
22	Can change session	6	change_session
23	Can delete session	6	delete_session
24	Can view session	6	view_session
25	Can add product	7	add_product
26	Can change product	7	change_product
27	Can delete product	7	delete_product
28	Can view product	7	view_product
29	Can add profile	8	add_profile
30	Can change profile	8	change_profile
31	Can delete profile	8	delete_profile
32	Can view profile	8	view_profile
33	Can add order	9	add_order
34	Can change order	9	change_order
35	Can delete order	9	delete_order
36	Can view order	9	view_order
37	Can add order item	10	add_orderitem
38	Can change order item	10	change_orderitem
39	Can delete order item	10	delete_orderitem
40	Can view order item	10	view_orderitem
41	Can add site	11	add_site
42	Can change site	11	change_site
43	Can delete site	11	delete_site
44	Can view site	11	view_site
45	Can add email address	12	add_emailaddress
46	Can change email address	12	change_emailaddress
47	Can delete email address	12	delete_emailaddress
48	Can view email address	12	view_emailaddress
49	Can add email confirmation	13	add_emailconfirmation
50	Can change email confirmation	13	change_emailconfirmation
51	Can delete email confirmation	13	delete_emailconfirmation
52	Can view email confirmation	13	view_emailconfirmation
53	Can add social account	14	add_socialaccount
54	Can change social account	14	change_socialaccount
55	Can delete social account	14	delete_socialaccount
56	Can view social account	14	view_socialaccount
57	Can add social application	15	add_socialapp
58	Can change social application	15	change_socialapp
59	Can delete social application	15	delete_socialapp
60	Can view social application	15	view_socialapp
61	Can add social application token	16	add_socialtoken
62	Can change social application token	16	change_socialtoken
63	Can delete social application token	16	delete_socialtoken
64	Can view social application token	16	view_socialtoken
65	Can add otp verification	17	add_otpverification
66	Can change otp verification	17	change_otpverification
67	Can delete otp verification	17	delete_otpverification
68	Can view otp verification	17	view_otpverification
69	Can add review	18	add_review
70	Can change review	18	change_review
71	Can delete review	18	delete_review
72	Can view review	18	view_review
73	Can add product question	19	add_productquestion
74	Can change product question	19	change_productquestion
75	Can delete product question	19	delete_productquestion
76	Can view product question	19	view_productquestion
77	Can add address	20	add_address
78	Can change address	20	change_address
79	Can delete address	20	delete_address
80	Can view address	20	view_address
81	Can add cart	21	add_cart
82	Can change cart	21	change_cart
83	Can delete cart	21	delete_cart
84	Can view cart	21	view_cart
85	Can add stock notification	22	add_stocknotification
86	Can change stock notification	22	change_stocknotification
87	Can delete stock notification	22	delete_stocknotification
88	Can view stock notification	22	view_stocknotification
89	Can add stock alert	23	add_stockalert
90	Can change stock alert	23	change_stockalert
91	Can delete stock alert	23	delete_stockalert
92	Can view stock alert	23	view_stockalert
93	Can add user location	24	add_userlocation
94	Can change user location	24	change_userlocation
95	Can delete user location	24	delete_userlocation
96	Can view user location	24	view_userlocation
\.


--
-- Data for Name: auth_user; Type: TABLE DATA; Schema: public; Owner: postgres
--

COPY public.auth_user (id, password, last_login, is_superuser, username, first_name, last_name, email, is_staff, is_active, date_joined) FROM stdin;
2	pbkdf2_sha256$1000000$Rx6JiggyxxM6uMtIkGqd1L$EBVAazUdhcHlCpHfl6GVRGX7Kkudq2TwjhFj34aw+mc=	2025-06-06 11:44:15.158109+05:30	t	mainadmin				t	t	2025-06-06 11:41:01.449295+05:30
71	bcrypt_sha256$$2b$12$1F56K6.VpAZ3fJaexzuTYOEMpFKK/CmhyyJyNKB72M3rIISHOnteW	2025-07-08 14:57:56.266107+05:30	f	preksha	preksha	joshi	itspreksha54@gmail.com	f	t	2025-07-08 11:21:31.352544+05:30
70	bcrypt_sha256$$2b$12$4ASnVnmYGYYFe34Ry2QRFeQmCUGFg7rDLHZ9zeBxP.TfGox44.mSS	2025-07-10 10:58:13.001837+05:30	t	admin1				t	t	2025-07-07 17:11:24.48414+05:30
72	!WJFm5F4YGoh9BsZ1UMJMzzijEVRKamow6HVeZAu1	2025-07-08 11:32:39.18171+05:30	f	prexa	prexa		prexa180@gmail.com	f	t	2025-07-08 11:32:38.973406+05:30
68	bcrypt_sha256$$2b$12$B7Ur1We5Qux4mauLRbI4SOTnR7T5kL6y/Z6fLOG5nPWIj9X.w5GMG	2025-07-08 12:04:21.869185+05:30	f	2024	2024	12029	202412029@dau.ac.in	f	t	2025-07-07 11:58:19.846838+05:30
6	bcrypt_sha256$$2b$12$WdyR5DPjyoBNRhhS1PJuZ.uaO3/3OotB9OvSZ16jTcAvAVqgzUiWK	2025-07-08 12:29:41.73017+05:30	f	3029 - Preksha	3029 - Preksha	Joshi	prekshajoshi44@gmail.com	f	t	2025-06-11 12:09:36.46823+05:30
\.


--
-- Data for Name: auth_user_groups; Type: TABLE DATA; Schema: public; Owner: postgres
--

COPY public.auth_user_groups (id, user_id, group_id) FROM stdin;
\.


--
-- Data for Name: auth_user_user_permissions; Type: TABLE DATA; Schema: public; Owner: postgres
--

COPY public.auth_user_user_permissions (id, user_id, permission_id) FROM stdin;
\.


--
-- Data for Name: django_admin_log; Type: TABLE DATA; Schema: public; Owner: postgres
--

COPY public.django_admin_log (id, action_time, object_id, object_repr, action_flag, change_message, content_type_id, user_id) FROM stdin;
1	2025-06-06 12:40:34.243761+05:30	1	Samsung S24 Ultra	1	[{"added": {}}]	7	2
2	2025-06-06 12:41:54.224826+05:30	2	Levi's Men's 511 Slim Fit Mid Rise Blue Jeans	1	[{"added": {}}]	7	2
3	2025-06-06 14:38:52.467752+05:30	3	Womens Tshirt	1	[{"added": {}}]	7	2
4	2025-06-10 12:28:18.529666+05:30	3	Preksha	1	[{"added": {}}]	4	2
5	2025-06-10 12:28:46.540689+05:30	3	Preksha	2	[{"changed": {"fields": ["First name", "Last name", "Email address"]}}]	4	2
132	2025-07-07 17:51:37.142365+05:30	8	amazon basics 450 W CENTRIFUGAL JUICER WITH PUSHER | REMOVABLE PULP CONTAINER | SS MESH FILTER & 3 S	2	[{"changed": {"fields": ["Base price", "Price"]}}]	7	70
134	2025-07-07 17:52:22.65955+05:30	1	Samsung S24 Ultra	2	[{"changed": {"fields": ["Base price", "Price"]}}]	7	70
133	2025-07-07 17:52:00.375325+05:30	4	Casio Vintage A-158WA-1Q Digital Grey Dial Unisex Watch Silver Metal Strap (D011)	2	[{"changed": {"fields": ["Base price", "Price"]}}]	7	70
113	2025-07-07 17:11:57.488216+05:30	25	xz	3		4	70
114	2025-07-07 17:12:04.941888+05:30	57	xcxx	3		4	70
115	2025-07-07 17:12:13.854309+05:30	18	www	3		4	70
116	2025-07-07 17:12:21.956815+05:30	17	wqw	3		4	70
117	2025-07-07 17:12:29.012387+05:30	46	vidya	3		4	70
118	2025-07-07 17:12:38.893498+05:30	26	vbv	3		4	70
119	2025-07-07 17:12:47.113874+05:30	69	tisha	3		4	70
120	2025-07-07 17:12:54.350826+05:30	14	tis	3		4	70
121	2025-07-07 17:13:01.792499+05:30	27	sdss	3		4	70
122	2025-07-07 17:13:09.37966+05:30	42	sdsds	3		4	70
123	2025-07-07 17:13:16.787374+05:30	22	sds	3		4	70
124	2025-07-07 17:13:23.064242+05:30	58	sddd	3		4	70
125	2025-07-07 17:13:30.965054+05:30	66	qwq	3		4	70
126	2025-07-07 17:13:38.733167+05:30	49	qaaa	3		4	70
127	2025-07-07 17:13:46.206101+05:30	7	prexa	3		4	70
128	2025-07-07 17:13:56.763464+05:30	61	prekshaaa	3		4	70
129	2025-07-07 17:14:04.009871+05:30	43	priyaa	3		4	70
130	2025-07-07 17:14:15.957331+05:30	67	preksha	3		4	70
131	2025-07-07 17:14:26.383962+05:30	1	admin	3		4	70
\.


--
-- Data for Name: django_content_type; Type: TABLE DATA; Schema: public; Owner: postgres
--

COPY public.django_content_type (id, app_label, model) FROM stdin;
1	admin	logentry
2	auth	permission
3	auth	group
4	auth	user
5	contenttypes	contenttype
6	sessions	session
7	Amazonclone	product
8	Amazonclone	profile
9	Amazonclone	order
10	Amazonclone	orderitem
11	sites	site
12	account	emailaddress
13	account	emailconfirmation
14	socialaccount	socialaccount
15	socialaccount	socialapp
16	socialaccount	socialtoken
17	Amazonclone	otpverification
18	Amazonclone	review
19	Amazonclone	productquestion
20	Amazonclone	address
21	Amazonclone	cart
22	Amazonclone	stocknotification
23	Amazonclone	stockalert
24	Amazonclone	userlocation
\.


--
-- Data for Name: django_migrations; Type: TABLE DATA; Schema: public; Owner: postgres
--

COPY public.django_migrations (id, app, name, applied) FROM stdin;
1	contenttypes	0001_initial	2025-06-06 11:27:36.408773+05:30
2	auth	0001_initial	2025-06-06 11:27:36.588654+05:30
3	admin	0001_initial	2025-06-06 11:27:36.637103+05:30
4	admin	0002_logentry_remove_auto_add	2025-06-06 11:27:36.677436+05:30
5	admin	0003_logentry_add_action_flag_choices	2025-06-06 11:27:36.733448+05:30
6	contenttypes	0002_remove_content_type_name	2025-06-06 11:27:36.778711+05:30
7	auth	0002_alter_permission_name_max_length	2025-06-06 11:27:36.818957+05:30
8	auth	0003_alter_user_email_max_length	2025-06-06 11:27:36.835606+05:30
9	auth	0004_alter_user_username_opts	2025-06-06 11:27:36.916922+05:30
10	auth	0005_alter_user_last_login_null	2025-06-06 11:27:36.964362+05:30
11	auth	0006_require_contenttypes_0002	2025-06-06 11:27:36.984824+05:30
12	auth	0007_alter_validators_add_error_messages	2025-06-06 11:27:37.00118+05:30
13	auth	0008_alter_user_username_max_length	2025-06-06 11:27:37.027709+05:30
14	auth	0009_alter_user_last_name_max_length	2025-06-06 11:27:37.044395+05:30
15	auth	0010_alter_group_name_max_length	2025-06-06 11:27:37.066935+05:30
16	auth	0011_update_proxy_permissions	2025-06-06 11:27:37.131365+05:30
17	auth	0012_alter_user_first_name_max_length	2025-06-06 11:27:37.14835+05:30
18	sessions	0001_initial	2025-06-06 11:27:37.170615+05:30
19	Amazonclone	0001_initial	2025-06-06 11:40:22.138206+05:30
20	Amazonclone	0002_order_orderitem_profile	2025-06-10 12:25:44.474461+05:30
21	account	0001_initial	2025-06-10 17:38:19.08661+05:30
22	account	0002_email_max_length	2025-06-10 17:38:19.121886+05:30
23	account	0003_alter_emailaddress_create_unique_verified_email	2025-06-10 17:38:19.191094+05:30
24	account	0004_alter_emailaddress_drop_unique_email	2025-06-10 17:38:19.283347+05:30
25	account	0005_emailaddress_idx_upper_email	2025-06-10 17:38:19.341627+05:30
26	account	0006_emailaddress_lower	2025-06-10 17:38:19.413488+05:30
27	account	0007_emailaddress_idx_email	2025-06-10 17:38:19.467446+05:30
28	account	0008_emailaddress_unique_primary_email_fixup	2025-06-10 17:38:19.500553+05:30
29	account	0009_emailaddress_unique_primary_email	2025-06-10 17:38:19.55474+05:30
30	sites	0001_initial	2025-06-10 17:38:19.568739+05:30
31	sites	0002_alter_domain_unique	2025-06-10 17:38:19.58574+05:30
32	socialaccount	0001_initial	2025-06-10 17:38:19.77635+05:30
33	socialaccount	0002_token_max_lengths	2025-06-10 17:38:19.844233+05:30
34	socialaccount	0003_extra_data_default_dict	2025-06-10 17:38:19.86833+05:30
35	socialaccount	0004_app_provider_id_settings	2025-06-10 17:38:19.929591+05:30
36	socialaccount	0005_socialtoken_nullable_app	2025-06-10 17:38:19.975505+05:30
37	socialaccount	0006_alter_socialaccount_extra_data	2025-06-10 17:38:20.02759+05:30
38	Amazonclone	0003_profile_email_verified_profile_otp	2025-06-12 10:59:06.46932+05:30
39	Amazonclone	0004_otpverification	2025-06-12 11:51:49.218189+05:30
40	Amazonclone	0005_order_total_price_orderitem_quantity	2025-06-16 16:11:01.900439+05:30
41	Amazonclone	0006_product_colors_product_rating_product_sizes_and_more	2025-06-16 17:44:06.897596+05:30
42	Amazonclone	0007_productquestion_review	2025-06-17 12:17:29.730518+05:30
43	Amazonclone	0008_rename_question_productquestion_question_text	2025-06-17 14:49:57.405944+05:30
44	Amazonclone	0009_address	2025-06-17 17:22:50.622847+05:30
45	Amazonclone	0010_profile_default_address	2025-06-18 12:04:08.608812+05:30
46	Amazonclone	0011_order_payment_id_order_payment_method_and_more	2025-06-18 15:07:48.21843+05:30
47	Amazonclone	0012_order_razorpay_order_id	2025-06-19 15:03:42.135048+05:30
48	Amazonclone	0013_alter_order_payment_id	2025-06-19 15:53:56.618807+05:30
49	Amazonclone	0014_cart	2025-06-20 12:13:06.824491+05:30
50	Amazonclone	0015_profile_is_blocked	2025-06-23 16:28:45.498058+05:30
51	Amazonclone	0016_review_image	2025-06-24 11:16:42.582823+05:30
52	Amazonclone	0017_alter_review_image	2025-06-24 11:24:15.252941+05:30
53	Amazonclone	0018_stockalert_stocknotification	2025-06-24 14:09:01.384903+05:30
54	Amazonclone	0019_product_stock	2025-06-24 14:19:37.517736+05:30
55	Amazonclone	0020_cart_added_at_cart_size	2025-06-25 11:11:37.625674+05:30
56	Amazonclone	0021_remove_cart_added_at_cart_color_alter_cart_size	2025-06-25 11:11:37.767142+05:30
57	Amazonclone	0022_alter_otpverification_expires_at	2025-06-25 11:11:37.823547+05:30
58	Amazonclone	0023_product_brand	2025-07-02 11:42:01.084941+05:30
59	Amazonclone	0023_userlocation	2025-07-07 10:58:57.512504+05:30
60	Amazonclone	0024_userlocation_city_userlocation_country	2025-07-07 11:04:20.441209+05:30
61	Amazonclone	0025_product_base_price_product_view_count	2025-07-07 14:39:25.671818+05:30
62	Amazonclone	0026_alter_product_price_alter_review_rating	2025-07-07 16:13:43.874753+05:30
63	Amazonclone	0027_profile_pincode_profile_state	2025-07-07 16:43:27.530841+05:30
\.


--
-- Data for Name: django_session; Type: TABLE DATA; Schema: public; Owner: postgres
--

COPY public.django_session (session_key, session_data, expire_date) FROM stdin;
szx3o08xuxav5tfuexmowo5js8r98rak	.eJwlyUsKwjAQANC7zDqIRZOGrF3YRQ8gIiFMxxoNmZKPLkLuruDbvgaZ0bvgELnGYnNxhTKYBqcPPx_nqZKfyhovM5hrgy0xUv49BF59BAGLKw5MrCEI2F5IFnkh-6bk757Sf7oYRjlofVBa7tT-qPQob71_AfC1Kng:1uYiyT:sKsNAxKrl-FFnX0HHHYRN5H-cThnpEWW0f91Cyb-lcM	2025-07-21 15:51:25.613688+05:30
718pmg879ss14en0mwc9khe3a9c8j9to	.eJxVjDsOwjAQBe_iGll2WO9iSnrOYPmziwPIkeKkQtwdIqWA9s3Me6kQ16WGtfMcxqLOiow6_I4p5ge3jZR7bLdJ56kt85j0puiddn2dCj8vu_t3UGOv39oTOoQkOACxywKFydDJekxxiAQ-HcFLITDoDIpNRcA6luysEWFR7w_2KDgj:1uZjpN:9Yoe1CK6Jm-4XK7mMKJIwIgHaw1fa-0AKb8s3n6WIrc	2025-07-24 10:58:13.012869+05:30
tg5h0wl0edtno9t20p89moyr4z0kalgk	eyJzb2NpYWxhY2NvdW50X3N0YXRlcyI6eyJYSVhSQ2UzRzhNVk5zV2hPIjpbeyJwcm9jZXNzIjoibG9naW4iLCJkYXRhIjpudWxsLCJwa2NlX2NvZGVfdmVyaWZpZXIiOm51bGx9LDE3NDk3MDUxMTEuNjcyNjg3XX19:1uPaEB:mXUmimtzzOIP1VNKiq-LH_XV8ZGcXVoCrCm96VSjuOg	2025-06-26 10:41:51.681773+05:30
2vx4ruzvklwfrdsknh3owyshxyv9dg3d	.eJwlycEKAiEQANB_mbPEytaa3oO6dekQETLMTiG5KurWQfz3gt71NSiRHHokimuotlSsXMA0UKd0GMbz8TMuQV3pAubWIOVIXH4PPj5dAAEzVgQTVu8FpBexpTizfXN2D8f5P11ItdVq2EkpN5PWezmpe-9fj4opZw:1uPaEB:mk7A8xKBb41r9SkUWRlEktrXFn31KB25DatA7tLcBIU	2025-06-26 10:41:51.705652+05:30
r0g6pv1yj1g08gnfdnboxoqp8s67y4ah	.eJytz99qgzAchuF7-R2LJMYm0cN2hXb0DxtuKx1FQkxd2tQUE8M68d7n2C0I39l78PD14KzUwggpbdf40nnhlYO8h7o6KlmbVdho27mnC-SfPdxbK5UbOxhb6wYiqIQXkDedMRHcr1KV0laqDKrVZ63a_zJEmKUZxeN4jBjNMKOnCB7nRfC37UvBd-H9sHtMIlAeE5wlHOFRWM-fm4D2-yWfk3DZrCcRMhbPUJqQ9O9D_cq_toV1P-Ltg6y-iykElpAYU4QII6dh-AVrQYhz:1uPE0x:8KqEoD1s7Vis3ikXB7eqYfSQDwdldO32eVwMLNQbvlQ	2025-06-25 10:58:43.161034+05:30
20arjv1ew0nrcwu1egb7ngvqv0m8u4r2	.eJwlycEKAiEQANB_mbOEU26St4I9LkHXCBGdDUl0UdeL-O8FvevrUJL1Jhhr0x6rLtVUKqA6nCfX8LHejkuby3W5g3p22HKyVH4PIb19BAbOVAMq7iEw2D6WtE2OdKPsV0_5P4OhFBfJJ0Q8SDxxwcVrjC-O4ylJ:1uPaEB:4RaAQiRCEyZpAsVTVlcN9eCgZHwesexvRh6WAjqUoKw	2025-06-26 10:41:51.719844+05:30
2wsjzcrlmvomsj0lmjo0ei65sc1o8979	eyJzb2NpYWxhY2NvdW50X3N0YXRlcyI6eyJDakxoQ1hqcHhGRDlJMVh1IjpbeyJwcm9jZXNzIjoibG9naW4iLCJkYXRhIjpudWxsLCJwa2NlX2NvZGVfdmVyaWZpZXIiOm51bGx9LDE3NDk3MDUxMTEuODQ3NjI4XX19:1uPaEB:bdLDDJgSoCmouPKIESgtmeShxcU9JkQudbXPyowRZU8	2025-06-26 10:41:51.853115+05:30
tas4uf43u3n6cx1kyg2e5hj46fyul6lj	.eJwlyUELwiAUAOD_8s4SCQ7Fe52DNnaIIfL2CsnpUrcI8b8X9F2_Cjmis94ixi0Uk4stlEFXGC79Z8nX07ic1Wvs36BvFdYUkfLvwceHC8BgtsWCDpv3DNYnksE4k9kpubuj9J_GuOy4Ukp24qCOQnIxtfYFrTMp9Q:1uYkIE:BA9OZs64QNkVonZuR0uZXyMQ0C3PA30tOIt3aPjIwaw	2025-07-21 17:15:54.819807+05:30
9e1qdc98ho8nzmhb80a7uo0z8ipef0e4	.eJwlycsKQiEQANB_mbVEUj5wH1GLaB8hMncKuaIXR9uI_17Q2Z4BXDCGFBBLz81zC40Y3AC-rHvb1elq70bfzg3cY8BWCxL_HlJ5xwwCltACuNxTErCtSB7LQv5DNb4i1f9MIY2S1lqj9e6opDKH55xfVzMpAA:1uYkIQ:qW2QNAFQJZ4R-FXe6AO7iJDemJVg4fF-5G8lbkiNSyI	2025-07-21 17:16:06.459742+05:30
0ged869sr9lz063pzrl100ze6c0kq7b6	eyJzb2NpYWxhY2NvdW50X3N0YXRlcyI6eyJ4czJZQkliTHFmWk1XU3NmIjpbeyJwcm9jZXNzIjoibG9naW4iLCJkYXRhIjpudWxsLCJwa2NlX2NvZGVfdmVyaWZpZXIiOm51bGx9LDE3NTE1NDUzMjguOTIyMTcxNF19fQ:1uXIx6:vpA6TvXy1zWhAXh1PeMFxOz5pkDmliAaOwEIB2Hhk5g	2025-07-17 17:52:08.950718+05:30
bik11tsjd2c7kpqys9uzbe4y46gojfim	.eJxVT81uhCAQfpc5GyMgCN66r9E0hIVxNbXSCGwPG9-9o7UHL5OZ7y_fvCBFP7nZeR_Lkm3KLmOC_rVV8I-5kkdc8uRdnuJivzCPMZDm_QV_O_TXFCBvhp51kmnNDRO1Ycp0ilfwvcbnFHAlyyPGx4ykLdOewBrZtKJVopGKS0OTLtg-KjgK2JJwtYdSSbiAd-c_cdkZN887XJ896kNz0ql-u_xxO12XqNGlkXKG4HXQRgvhFJNeoG7EMCjftZ3nQSnJPbFsaLtGuhYFtTX3EFAjHQNXFPqc8AeDpX9D8dkK6PNacPsFL1h5Sg:1uYim6:-ONEHXwGsppIk8Ueu-MC98nFzVhcjsrJ-M4yKrBYZT0	2025-07-21 15:38:38.514046+05:30
uzvs7bkwy603rsxknkywus1j38gb6y94	.eJwlycEKAiEQANB_mbNEKpV47RAdCtqOESLjFLLiLOp2Ef-9oHd9HSpj9Mkj8pqbq803qmA73M6X6R7a6Xqca97zBPbRYSmMVH8Pid8xg4Dgmweb15QELDOSQw7kPlTiK1L5zxDysJPG6K0xG6WkVvo5xheVAiml:1uYioq:oKmT_N_FsUGyb3nH5abGJzWUvS7VJYoEw4saja_WTpk	2025-07-21 15:41:28.259346+05:30
0xoxvovuawdmj06xfihk3pgwury5lc2c	.eJxVjMsOwiAQRf-FtSGAPF267zeQgRmkaiAp7cr479qkC93ec859sQjbWuM2aIkzsguzmp1-xwT5QW0neId26zz3ti5z4rvCDzr41JGe18P9O6gw6rcmbYpPBb0W2gWB5-wchZwygQ1GWZOlK0ggUEsvDJBKDkGqFAiLLY69PyS0OQo:1uWXeu:eW8GsnY1qOGZoLiArScqpjp84L68nxnNeNgqSovPxPc	2025-07-15 15:22:12.572844+05:30
bfqj51uiahsnb09i6hsvb80kpyjx61u0	.eJxVjMsOwiAUBf-FtSHQ8hCX7vsN5D5AqgaS0q6M_65NutDtmZnzEhG2tcStpyXOLC5Ci9PvhkCPVHfAd6i3JqnVdZlR7oo8aJdT4_S8Hu7fQYFevrVS40ik8UwOlWVPzBlg4JAp02CRvTYWAY0nbVJwygbvcraebXCIWrw_C2o4vQ:1uPF0A:asm3LrwmrR-2yKLfiyKkD3o5diSbFjNeh6SgfReycTk	2025-06-25 12:01:58.717376+05:30
sgfxbaox61fr7d5q1hpwgy9o6fe6g8k3	eyJvdHBfdXNlcl9pZCI6NTh9:1uPzw9:Yc2kMKdI9fIiOkZcBEFlIwQWVemxXu5RloGtyfQmy04	2025-06-27 14:08:57.033485+05:30
befywonazqmslvkvnwgg9lja4q07gmaq	.eJxVjMsOwiAUBf-FtSHQ8hCX7vsN5D5AqgaS0q6M_65NutDtmZnzEhG2tcStpyXOLC5Ci9PvhkCPVHfAd6i3JqnVdZlR7oo8aJdT4_S8Hu7fQYFevrVS40ik8UwOlWVPzBlg4JAp02CRvTYWAY0nbVJwygbvcraebXCIWrw_C2o4vQ:1uPF1w:4UK00_V1RYZ4dDZWIpHTFXCpHCwD0E7Q_SA-vzKNXtU	2025-06-25 12:03:48.594012+05:30
aatqb23yv1dt9xrxbn2t7j2v0tju82hk	eyJvdHBfdXNlcl9pZCI6MzZ9:1uPe5w:vF77fovwlzeq0yUMw1eWpmyK_cRhXqol7gz_Ms619DE	2025-06-26 14:49:36.207938+05:30
5bsb14lpxol0ptkshhu0db1tpwl3pq3h	.eJwlycsKAiEUANB_uWsJLLT0E9pMq2EoQkxvYYmaj2kh_ntBZ3s6lGic9tqY2EJVpeqKBWSHebmd6Tp97MSW5-n4BnnpkHI0WH4PPj5cAAJWVw0yNO8JpJdBZaJFtWJ2d4f5P4PQPaOcCirY5iDYbsuvg0CsSbWCWTkLkvPxBZPqL3U:1uXcAx:Q40-bTJ5SvdXZgJoK_flo2ptnAGaijpqSEjIY4VcgBk	2025-07-18 14:23:43.714976+05:30
dnau1n01rlyj0fs1245ye8njworwsk1l	.eJwlyU0KAiEUAOC7vLVEDpboBWrTdIAhRN68whLf4M9sxLsX9G2_DoUx-OgRuaXqSvWVCtgOrMvtPl9T05d3a5zALh22zEjl9xD5FRIIWH31YFOLUcD2QXLIK7mdcngGyv8ZQmplztPJyOmgtNFHJR9jfAHeuCpD:1uPFkf:uWQiQoqZqoPs_L0izTx2s9Gi4G7BPRwsIUr5UMrxD_A	2025-06-25 12:50:01.731488+05:30
k0rkqzjmeywtv5utlui1tjkvc4wz2ath	.eJxVjDsOwjAQBe_iGlmxHZuEkj5niHb3rUkAxVI-FeLuECkFtG9m3sv0tK1Dvy069yPMxSRnTr8jkzx02gnuNN2KlTKt88h2V-xBF9sV6PN6uH8HAy3Dt-bITWQIoqBugCq70HpPsZZWVfwZgSijiqoQUk6VqzkmONf6oMjm_QFF8zml:1uR5Op:hJ8ropwwHIg3DRw15PLgmukRHeDy7cOsE1IWTqVLUjU	2025-06-30 14:11:03.842931+05:30
2c071vtqwinermbl4fcla4k26um2kget	.eJxVjMsOwiAUBf-FtSHQ8hCX7vsN5D5AqgaS0q6M_65NutDtmZnzEhG2tcStpyXOLC5Ci9PvhkCPVHfAd6i3JqnVdZlR7oo8aJdT4_S8Hu7fQYFevrVS40ik8UwOlWVPzBlg4JAp02CRvTYWAY0nbVJwygbvcraebXCIWrw_C2o4vQ:1uPFsj:6Dhyn_fecELD7yLdvuPYo0R9iXPPpA6MPoGRKED1DIc	2025-06-25 12:58:21.481734+05:30
1oxww6wtipwl7ssvem450axni8gis3ed	.eJxVjEEOwiAQRe_C2hDKwBRduu8ZyDBDpWpoUtqV8e7apAvd_vfef6lI21ri1vISJ1EXhb06_Y6J-JHrTuRO9TZrnuu6TEnvij5o08Ms-Xk93L-DQq1864CMGNBQb9lmL0EI2Fs5g0MXApAdE3KHkjoLCOBHkzv2iH1yzGDU-wP3EDd6:1uYelM:vyuoRVfw9pSXz5YGqqWnq1rTyzf0E2QAQXuLEWv8Zmg	2025-07-21 11:21:36.767614+05:30
l9iskts0geqocublgw9z7jqj8qdcr0um	.eJxVjbtuhDAURP_l1gjZ4BeU2aRMk2qlKLKMfQ3OEnuDTaQI8e9hlW22nTNzZoOcbDCzsTatsehcTMEM_QYFn3-_X8TJm_P57UuN0L9vcF2SxXxwmNMYIlTgTDHQx3WeK7heLGqbHOofXIIPuPyTvaKSdaJhhItaMt5x3nzsFWizlkmvGRcd3OGkDTyEg7EXjDfiPk0cU21TLEsY6lulvtNcvx6P89O9-yCYTJ6Odds6RchAvOjoMCiHSrToBHOiZS2TXafQEKUa5F5RZT1HSb2QnDgqlWkI7H9HG2CU:1uPOIU:8kBF8olfyjx9Wx_qLkWX-EFxhIdx221oNIXfc4D7fr0	2025-06-25 21:57:30.714809+05:30
ygrj8urkc5oaisayqymigg2f5qqrqk4c	.eJxVjMsOwiAUBf-FtSHQ8hCX7vsN5D5AqgaS0q6M_65NutDtmZnzEhG2tcStpyXOLC5Ci9PvhkCPVHfAd6i3JqnVdZlR7oo8aJdT4_S8Hu7fQYFevrVS40ik8UwOlWVPzBlg4JAp02CRvTYWAY0nbVJwygbvcraebXCIWrw_C2o4vQ:1uSWTi:NOqwmQRoS1KTc3LHK2ODZmfWtH2_HxcBxqg3Yio-xBU	2025-07-04 13:18:02.595183+05:30
fowqf232e6cu3ebv4wnhfa9mut98txc6	.eJwlybEKwjAQANB_uTmIaS21GZ1FEDoIIuG4Xksw5kqSuoT8u4pvfQWSkEOPRLKFbFPGzAlMgfF6Pg20jLemlfnVX8DcC6xRiNP3wcviAiiYMCOYsHmvYH0SW5KJ7Zujmx3H_1Sl-04PnT7uD7tW_zSPWj-WZClZ:1uZ0hA:-2k3M4bsAbeHA6VnTDOwmQy1YXiNOYA6y8N-pooArAA	2025-07-22 10:46:44.323088+05:30
u70hwfen7xcrcypiabgwnr51rw8t5dh1	.eJytkEtvgzAQhP_LnhHyA79ya1T1IVW59BK1ipAxJjhQTLDJJcp_L5C0Uu65WTPj-Xb3DMEbp1ttjB-7mIeoow2wOkN8PxyLzUYeXk91p-kWVt9n6AdvbJh8aP3edZBAqaOGVTe2bQJ9Y2xufGnzkx1c5exwdS4JFgwrhiXK0kwRkmG-S0ASNmyeq_qN96ePY8ceRVAZ4ZSqifD55cLI1bbfvtTrtmkeQ2CpQFRgJHeXBP4Op8dY2y46o6PzXf5jY-3LsACv74l3d-qJqyOs_lt5KihDWGXJPOHJlTMZ9t7vWztlRzc3YMSEJCqjUiBMGaGSYwqXadVlgHwMdsiXJIc7rdCmsd1s6Lad5fQ2RrpkbnZIn-7WWN9-3VXVOtRTT6GEooZV1GrEGCO4pEhwO6lGFgVRsrAlQcJwrasqQ7zEitIMU2lLqisu4fILKlPN4A:1uZ0hC:zXMTj6RK3DX_D2XNQgNBDWlrLkwYXks90VD7aNvHBTs	2025-07-22 10:46:46.76328+05:30
o9wx4i8jt3bt97u8eknuviarw815izj0	.eJwlybsKwyAUANB_ubMUUlGJW_cOHdxCEbm5LVLRxEegFf-9hZ71dCgJvQsOMbVYbamuUgHd4fMW-_VizC7i0aq5gV46bDkhld9DSE8fgcHqqgMdWwgMtheSxbSSPSj7h6f8n8EmJaZZcCHPJ64Ul7O8j_EF464qUg:1uZ19W:AI3dxEjMr18GmPpVCmAlBBQ06V1WNPrDhQZYvR5CV-E	2025-07-22 11:16:02.386232+05:30
7nqeq9qjb2le1fupj02ye8ul94mw6w7v	.eJxlj0luhDAQRe_iNUIuj8AufY0osjx1Y4XgCNudBeLuMTRZoOysV-9_V60oRRv0pK2NZc4qZZ19QsO6NeiP6ZJHP-dgdQ5xVl8-j9FV531Frzcari2oZjMaQHLoheikaAkjpEHfS3wG55fqP2J8TL6KJexxwJQBdJhRKRgQSTuMAW0fDTp-VyX5RR2mBHSBRttPP-8TPU07bs8l2sM5x6l9uxxxO1OXqlGnsfb4O9QtOLfGWU-J7YXuJGiCGVhrMBguu5446SzcO-4MdwwEp2CEIAboXvoM_sc7Ve91xWYl0ZCX4v9x-uLbL87AgXY:1uZ4cq:ZJQP5SIeNuQP2SYgA6ih6lw3B1j-nzZhrp6wWSDEJ6E	2025-07-22 14:58:32.931887+05:30
trfn14568whryfsmmviwvejqld72z2oq	.eJwlycsKQiEQANB_mbVERqL4CUW0uhFEiMydwpuo-KhI_PeCzvZ0KBGd9RYxtlBNqbZSAd3h_VlOMk2LOOyP7bx7gb50SDkild-Dj3cXgMFsqwUdmvcM0gPJYJzJPCm7m6P8n8G4FFwpJcV2pTZc8bW4jvEF2PMqKQ:1uYkIE:5Ymju9KCrqon9iPL3de8_9Uxr9aJZWoIBUf48DqTWlA	2025-07-21 17:15:54.831263+05:30
0g15e9cm3te21o6pa00d5vgt296hf714	.eJxVj0trhDAUhf_LXYvkYR66azeFQummdDFlkJhcNYw1g4lDYfC_V51pYXbhnJPznXuFGKw3g7E2zGOqYzIJI1RX-DyQj5_DFF_9-0v3xmeovq5wnoLFuPowhM6PkIEzyUA1zsOQwflksbbBYX3Bybcep5uzZFQJqrVWUuaCMKYLfVwy-IOaOfU4Jm9N8mGsvzH1wcUdeHuvvIeZK9ckqP5bVa4KwVmZbQMv3m1g6ELoBlyjs98KKBFKs7LgWhHKBeNaUg7LMYOdX88Rp3pPSnjQGmNPOG6GGYZNzu8r8j1zt2P-9HDF8_3XQ1VvYr_2NKUquRUtR0OEEIw6TpTEVbW6aVipG3SMKCuNaduCSEdLzgvKNTpuWqlh-QUnwI8x:1uYkIR:AA1vh_bfaN5EFD2icyWG6GsoORpa88N1CZO8Ks6taw8	2025-07-21 17:16:07.757503+05:30
gafxo7i8re8ly0pxfapjto92s01o4yc4	.eJxVj0luhDAQRe9Sa4RsF57YJdeIIlQeaKwQHGGTTavvHiBs2JXeH_TrCeR93pY60FanuNTkqaa8DN-xTjkU6D-e8H9DDyX7RPOVgAaoQs-15MYYrUUrLeuU0A38rPk3hbjukUfOjznu3i0dDZxJbYTt0GjGUQo0iiO8Phs4BwxbietwOhXcmCP_FZdDoHk-cHvNaE_PJZf27fbG-5W6VU1Upr3HWW3RyxEjMSml4AGZVnGn3jgnrHExCKa9IhrHjqnALWLH0cSANCoDrz_242Yv:1uYkIW:D-oeDaH0xnIfM5AagODVQQCNDuzwRrG507DQXTEktwM	2025-07-21 17:16:12.604798+05:30
i37ds4eodw9l56ye5z7oopct0s4sc3me	eyJzb2NpYWxhY2NvdW50X3N0YXRlcyI6eyJJWjZBSDVEcnk5T3U0R0pKIjpbeyJwcm9jZXNzIjoibG9naW4iLCJkYXRhIjpudWxsLCJwa2NlX2NvZGVfdmVyaWZpZXIiOm51bGx9LDE3NTE4OTA1NTcuMzM3MTA3XX19:1uYklJ:OTn9xLvCasK9ID5ND9Zql12nT6u89me7SfPWWBWPhYE	2025-07-21 17:45:57.345418+05:30
on0jl161qc7qmmx6vcaglxbzyvihzztp	.eJxVj0luhDAQRe9Sa4Rsl0d2yTWiCJUHGhSCI2yyafXdA4QNu9L7g349gULI21J72uqYljoFqlNe-u9UxxwLdB9P-L-hg5LDRPOVgAaoQseN4k4ZJ3XLpOWG2wZ-1vw7xbTukUfOjznt3m06GjhTxgon0RrGUQm0miO8Phs4B_RbSWt_OjXcmKfwlZZDoHk-cHvNaE_PJZf27fbG-5W6VY1Uxr3HO-MwqAETMaWU4BGZ0WmnwXovnPUpCmaCJhoGyXTkDlFytCkiDdrC6w_zE2Yr:1uZ2IE:tlUDBhEWX3T3R10jR-G7VkIjaEBNxs70u2ihjQ-1QaM	2025-07-22 12:29:06.071587+05:30
c0eaqfqixq8rgxt74juyktnh6o7z7g8l	.eJxVj0tuhDAQRO_Sa4Rs2l92yTWiCLU_DCgER9hkM5q7xxA27FpV9UrVTyDv076WgfYyxbXMnsqc1uE7limFDP3HE_5v6CEnP9NyEdAAFei5ltxKbYVqmRRccWzgZ0u_c4hbRR4pPZZYs_t8NHAmtemsQKMZR9mhqQC8Phs4Bwx7jttwJhXcNEf-K66HQctyyO01oz0zl53bt9sb7xd1q5ooT7XHWW3RyxEjMSllxwMyrWJVvXGus8bF0DHtFdE4CqYCt4iCo4kBaVQGXn_qzGYi:1uZ2IE:YsYVN0FCQt2I6rVWpcE1ZRA9MsrDXw50ZfzDDGw6Oqo	2025-07-22 12:29:06.074593+05:30
ndrh98xx5uairdgvx1y9o0aevpfp7jt0	.eJxVj0tuhDAQRO_Sa4RsN_6xS64RRaj9YUAhOMImm9HcPYawYdeqelWqfgJ5n_a1DLSXKa5l9lTmtA7fsUwpZOg_nvB_Qw85-ZmWKwENUIGea8mt1LbTrbZoGMcGfrb0O4e41cgjpccSK7vPRwNnUhthOzS6klKgURzh9dnAOWDYc9yGk1Rw0xz5r7geBi3LIbfXjPZkLju3b7c33q_UrWqiPNUeZ-teL0eMxKSUggdkWsWqeuOcsMbFIJj2imgcO6YCt4gdRxMD0qgMvP4A9g9mLg:1uZ2IF:jovwv_EEpNZ5KmIf9SsTvI-C1ottczYjGM_G7_SRHkc	2025-07-22 12:29:07.82309+05:30
da6xqaoci5e368jv4tgftd855yk8oc39	.eJxVj0luhTAMhu_iNUJJTCZ27TWqCjkDj6iUVCR08_TuXqBs2FnfP9h-Anmft6UOtNUpLjV5qikvw3esUw4F-o8n_M_QQ8k-0XwloAGq0HMtuZWoO9UKaxmzDfys-TeFuO6JR86POe7WLR0FnElthO3QaMZRCjSKI7w-Gzj3D1uJ63A6FdyYI_8Vl0OgeT5we13Rnp5LLu3b7Yv3K3WrmqhMe4-z2qKXI0ZiUkrBAzKt4k69cU5Y42IQTHtFNI4dU4FbxI6jiQFpVAZef6WjZfU:1uZ1CU:E63p6Ajs5vQo2CeQrQ-RVcIM0LgzlhrB3ZI9Nl9iJaU	2025-07-22 11:19:06.332731+05:30
hv3tkrjwa75atb2tq9ciwomptf5g9r2m	eyJzb2NpYWxhY2NvdW50X3N0YXRlcyI6eyJQd2pBRlJrVkxnRDBHVkNJIjpbeyJwcm9jZXNzIjoibG9naW4iLCJkYXRhIjpudWxsLCJwa2NlX2NvZGVfdmVyaWZpZXIiOm51bGx9LDE3NTE5NTM4NTEuNzYyNTc4XX19:1uZ1EB:sMabvLqNCf5tH8sZfb1puMtsYGcs3zT4Yecu97ES46M	2025-07-22 11:20:51.7738+05:30
t4yo6uoywrzzh27e5pbmbp43mw48pp1l	.eJwlydEKwiAUANB_uc8SWHNDf6CH3hr1EiFydxuSeIe6wRL_vaDzeipkRu-CQ-Q1FpuLK5TBVNgZx7u6sPqcb_ORrmAeFZbESPn3EHj2EQRMrjgwcQ1BwPJGssgT2Y2Sf3lK_2lCDkpqNej-dOi17jr5bO0LmIUpvA:1uZ2IV:NnDbg2IQDypMCzyim41KHb66r5kcEuyrIYuVkG96cvg	2025-07-22 12:29:23.707058+05:30
njxlclyv2ksx5htlst4eiy4mkliowk0a	.eJxVj0luhDAQRe9Sa4RsF-WBXXKNKELlgQaF4AhMNq2-e4CwYVd6f9CvJ3AIeZtLx1sZ0lzGwGXMc_edypDjCu3HE_5vaGHNYeTpSkAFXKCVhqQjtES1NA3Jxlbws-TfMaZljzxyfkxp927j0SAFGatcg9YIiaTQaonw-qzgHNBta1q606nhxjyHrzQfAk_TgetrRn16Lnmt325vvF-pW9XA67D3eGccBuoxsSAiJSMKo9NOg_VeOetTVMIEzdz3jdBROsRGok0RudcWXn_vPmYn:1uZ1EF:UPOBLg732BsZojf7TdKDVuSlpwSNmhvWu_pPaMgpQ2Q	2025-07-22 11:20:55.198325+05:30
xbjgfl0u7qa1dedle4enzxzvqsde5a0k	.eJwlyUELwiAUAOD_8s4SGTibx7psp65BDLHnK2Sioq4O4n9f0Hf9GpSIzniDGLdQdammUgHVYAp2Kt-7WG_5mp7zBdSjQcoRqfwefHy7AAysqQZU2LxnkFYkjdGS_lB2L0f5P51xKfgo5CjlYeDnIx9OS-87zqkqDw:1uZ2Ij:0wLqHKtUBE9aTMWryFRXwyFa6IDFeZEwoQqyKTlOlGU	2025-07-22 12:29:37.625835+05:30
14b48s92c2vinmp6fncfgcos4qt6un8c	.eJytkstu2zAURP-Fa0HgQ3x5Z7dG4iRNUwQoahSBcEVStmCZDERJSWr430s5zsJ774iZyzl3QB5QDKaBFowJg-_L2EPvIpodEFuvvbm_fbLr5eP-J9yh2d8Deu2CcTH5qA2bxqMMWegBzfzQthl63RlXmmBdObquqRvXfTrHjEhOlGJYqbzQhaRMvGRoAzDefvwh4Z-cL5_887UISmnMZJEIq52s43L4tuzM-_PqY7wWQWOOhUqA39_ND-Mx5Z69dWb-cDUAVbhgE2HfLW4oFwuOR1g9_lpch6BzzDQppHg5Zujr7WHot873jYG-Cb7cu34bbDwBP8-Jd_FbEhd6NPtK1Tjnimsus2nBsbETGG1C2LQujQ7NFEAwl4rqVE5iwjhlShCGjqnpiV8O0XXlaVKgC60Cs3N-MqBtJzk_b5GfZs52zOcXLRbnWxdRW4jblFNpqZnhNXOAOeeUWIalcEk1qqqoVpWzFEsjAOq6wMISzVhBmHKWQS0UOv4HqZULTg:1uYios:zO1Ub9EAgyRZKShih81Elja1Buwttq-E-pIFb84VPfQ	2025-07-21 15:41:30.608719+05:30
4kjnf5uxpcy0ygeeqx57um98e68nxmtv	.eJytks1u6jAQhd_F6yiy4_iPXblCt9CK26qboqqKJrYTUoJdJU7UXsS71wG6YM_OOmd8vpmxD6j3uoEWtPaDC0UfINgezQ6IbjZOP9w_mc1ivf8HKzR7O6DPzmvbRx-1vm4cSpCBAGjmhrZN0OdO20J7Y4vRdk3V2O7sHBMiGJGSYinTXOUio_w9QTXAeP_9Svx_cbd4ci-3IkipMBV5JCx3ouoXw59Fp79elt_jrQgKM8xlBOy7-d-M8TnDIyzXz_PbAFSKqSK5mJa0qvlyhcfHx2enPtZf7a0IRCrJ3o8J-n15GMLWutBoCI13xd6GrTf9CXc-R9rVX4lUCGj2m6lwyiRXTCZTe2NjJiyqva9bG0uHZgogmAmZqZxKgQllGZWcUHSMc574xdDbrjhVcnSllaB31k0GtO0kp5cu0lPNxe7Tu6sp5pdbV1Fb6Lcxp1RCUc0qagEzxjJiKBbcRlXLssyULK3JsNAcoKpyzA1RlOaESmsoVFyi4w_mtAsO:1uYios:Q8yozjrR3ISs-f2zJcsszb1lKvRMyjc_URzVm_GS__k	2025-07-21 15:41:30.623823+05:30
6ujlvodm3q7tgf6c429a5xzfj7nmagsu	.eJwlycsKAiEUANB_uWsJbBwVv2C2ET0gQux6C0l0UKeN-O8Fne3pUDMGFx1i3lKztblGFUyHCx6vD3VaGveH5Rz2YG4d1pKR6u8h5ldIwMC75sCkLUYG6xvJYvZkP1TCM1D5z2BczVxrraTczZMUkxD3Mb6kpCmc:1uYkIQ:FPh0kGcQB_6L84epTyJ6VJimpQq8-vJBkc1CM7V5hNg	2025-07-21 17:16:06.550384+05:30
9ipgpehjhv3git4wcmqcdqvi5n6wr2il	eyJzb2NpYWxhY2NvdW50X3N0YXRlcyI6eyJiTzVWN2ltMlJiSUNaSFJhIjpbeyJwcm9jZXNzIjoibG9naW4iLCJkYXRhIjpudWxsLCJwa2NlX2NvZGVfdmVyaWZpZXIiOm51bGx9LDE3NTE4ODg3NjkuMjUyMzYzXX19:1uYkIT:Clswf3pzyJzYHPhNmLbM3EDvFVuzJf9EnzrAiESRaSY	2025-07-21 17:16:09.262358+05:30
sydoy24hlik7f2qttpgzftj3zh92zh8v	.eJxVj8tuhTAMRP_Fa4SSmLzYtb9RVch5cIlKSUVCN1f33wuUDTtr5szYfgJ5n7elDrTVKS41eaopL8N3rFMOBfqPJ_zP0EPJPtF8JaABqtBzLbmVKJVsFRPYwM-af1OI684_cn7McQe3dMQ5k9oI26HRjKMUaBRHeH02cG4fthLX4SQV3DRH_isuh0HzfMjtdUN7Mpdd2rfbD-9X6lY1UZn2Hme1RS9HjMSklIIHZFrFXfXGOWGNi0Ew7RXROHZMBW4RO44mBqRRGXj9AQUrZYI:1uZ19Z:GQ_i27C6zdhGsOR4vfIYx7ZlTd6bkoNfxyM4zd7QqOg	2025-07-22 11:16:05.617151+05:30
erg8ztfnogyiqi33nwosx8sxdtffdeon	.eJxVT0luhDAQ_EufEbLdeOOWfCOKUHthQCE4wiaX0fw9hnDhVqpNVU8g79O-loH2MsW1zJ7KnNbhO5YphQz9xxP-MfSQk59puRLQABXouZbcStSia43ViJ1q4GdLv3OIW408UnossXr3-WjgTGojbIdGM45SoFEc4fXZwDlg2HPchtOp4MY58l9xPQRaloNurxnt6bnk3L7dbrxfqVvVRHmqPc5qi16OGIlJKQUPyLSKlfXGOWGNi0Ew7RXROHZMBW7rO44mBqRRGXj9AfPhZiw:1uZ1C8:7Xh6EnrapbTlxg1uzL5nEcN8l5C-2bKLvLq1NZnx8C0	2025-07-22 11:18:44.910514+05:30
ovi3uffei1cgfuds3mdow61ybj8jtq8u	eyJzb2NpYWxhY2NvdW50X3N0YXRlcyI6eyJoM3Y1VmpBUk4yUlVRT1NCIjpbeyJwcm9jZXNzIjoibG9naW4iLCJkYXRhIjpudWxsLCJwa2NlX2NvZGVfdmVyaWZpZXIiOm51bGx9LDE3NTE5NTM3NDMuNjQ0MTU5XX19:1uZ1CR:Jpv78AR3N3P07xD0NbKmH8k2hseg3ItvWTPC9cUqPjw	2025-07-22 11:19:03.653664+05:30
06b5r7879pz8fh3uot4q1bxtb7kdymxr	.eJwlyUELwiAUAOD_8s4SGsjM-2CH6LYdihB5ew1LVNR1SPzvBX3Xr0GJ6Ky3iHEP1ZRqKxXQDZ5hnMdpu3yW-ZrceQJ9a5ByRCq_Bx83F4DBaqsFHXbvGaQXksG4knlTdg9H-T-diUEKdeJSDgehuOJHde_9C8t2KgM:1uYklJ:RyLDkGkfLepVChMTb1gSqUcKiCOgSu2tZWS7K1ms6Wc	2025-07-21 17:45:57.191755+05:30
d97e9kh683ubtde4r275l229st18ddop	.eJwlycEKwjAMANB_ybmIw4W5ngVPMvAqUkoapa4ss-0UV_rvCr7rK5CEvA2WSJYpm5Rt5gS6wPh5HsW_Hzis7nA6r6AvBeYoxOn3EOTuJ1DgbLagpyUEBfNIbEgcmxdHf_Mc_1NV02Gz77eI3abd9YgtXmv9AvY1Kn8:1uYklJ:KDpjwrPJSM_snwquBO4zhY2m6WnpSDXBO0yTVgaAPeI	2025-07-21 17:45:57.446868+05:30
mlz9a1sjf722wjlfomi5b11v7jsz6etm	.eJxVj0luhDAQRe9Sa4RsF57YJdeIIlQeaKwQHGGTTavvHiBs2JXeH_TrCeR93pY60FanuNTkqaa8DN-xTjkU6D-e8H9DDyX7RPOVgAaoQs-15FZq2-nWcMOslQ38rPk3hbjukUfOjznu3i0dDZxJbYTt0GjGUQo0iiO8Phs4BwxbietwOhXcmCP_FZdDoHk-cHvNaE_PJZf27fbG-5W6VU1Upr3HWW3RyxEjMSml4AGZVnGn3jgnrHExCKa9IhrHjqnALWLH0cSANCoDrz_-PWY3:1uZ2IF:f0Yag3vDkEPwsIr_9h_gee5cf3zG2-Wwj_A9ThUlz4I	2025-07-22 12:29:07.833088+05:30
21qn4vfcbeiyc86scefrlh6wapx53tzl	.eJxVj0luhTAMhu_iNUJJTCZ27TWqCjkDj6iUVCR08_TuXqBs2FnfP9h-Anmft6UOtNUpLjV5qikvw3esUw4F-o8n_M_QQ8k-0XwloAGq0HMtuZWoO9UKJZDbBn7W_JtCXPfEI-fHHHfrlo4CzqQ2wnZoNOMoBRrFEV6fDZz7h63EdTidCm7Mkf-KyyHQPB-4va5oT88ll_bt9sX7lbpVTVSmvcdZbdHLESMxKaXgAZlWcafeOCescTEIpr0iGseOqcAtYsfRxIA0KgOvP6ANZe8:1uZ1CU:mOmr1M8izHbOdLpwyoekgJzFOYravsaUzwY9lTgdPbo	2025-07-22 11:19:06.287305+05:30
snwr9wn7fxct2apvfwezia15gcv0ts9k	.eJxVj0luhDAQRe9Sa4Rsl0d2yTWiCJUHGhSCI2yyafXdA4QNu9L7g349gULI21J72uqYljoFqlNe-u9UxxwLdB9P-L-hg5LDRPOVgAaoQseN4k4ZJ12LWnAhTQM_a_6dYlr3yCPnx5x27zYdDZwpY4WTaA3jqARazRFenw2cA_qtpLU_nRpuzFP4Sssh0DwfuL1mtKfnkkv7dnvj_UrdqkYq497jnXEY1ICJmFJK8IjM6LTTYL0XzvoUBTNBEw2DZDpyhyg52hSRBm3h9QfyPmYq:1uZ2IH:zxXC_L5RPkCLc12GtqdWUGhkM7FCJLCc7jSKQ3_1z64	2025-07-22 12:29:09.367123+05:30
wfa90ak5n5ikej266t4gvr9w5gsxyszl	.eJwlycEKAiEQANB_mbNEsq2m16B7sLcIkdkpJNFdxy1I_PeC3vU14IzBR4-Yt1QdV1-JwTZ4n8xEhdfCw_S5nCPYa4OlZCT-PcT8CAkEzL56sGmLUcDyRHKYZ3IvKuEeqPynC6lHaUZt1LBTR7nXB3Xr_QvmKSpY:1uZ2IV:CrB6dviZEYxTUT8-drt0NaEBgD9n4adl9VThs8Z3sMk	2025-07-22 12:29:23.688442+05:30
xask7y6qti5marl28op2fdxzzer1ql7b	.eJytkEFP4zAQhf_LnKMo9sSO3RtIXCgSqGgXLSsUOfaksRpiaJweWvW_45SC1Htv1rzn972ZA4zBetMba8M0xHqMJtIIiwM0T0u7upMklqt_0j-_wOL_AT62wdKYdOjD2g-QgTPRwGKY-j6Dj42l2gZH9Y62vvW0_VaOGasE0wKVYHmlUGFZvWXwytrP5SOXuntwu33YX4fA80JrhoVOhNXrnge1-bO7lzT8vdfXInBZaRT4dszg53Bmih0N0VsTfRjqd4pdcOMJ-P1OvItTJ66JsPhNxbxkTCumsrnhzruZDOsQ1j0l7-TnBFaISnFdoqoKhoKjkgzhmFY9Fainkbb1ySnhYtYYu6FhFkzfz-P8XCM_ec7ymN9crHF7_nUR1ZmxSzmNTjewokUyhRCCM4dFJSlNrWoarlVDjheVlca0bVlIxzRiyVCRQ9NKBccv20XNTg:1uZ1ED:d2SOoaGZgFq-XKd8ubvubiKLg0lMY7OasJJDOjbeaIc	2025-07-22 11:20:53.440484+05:30
2f55lw5dltvjl36c0jl743594zdq2vf9	.eJxVj0luhTAMhu_iNUJJTCZ27TWqCjkDj6iUVCR08_TuXqBs2FnfP9h-Anmft6UOtNUpLjV5qikvw3esUw4F-o8n_M_QQ8k-0XwloAGq0HMtuZXaKtsazbnoGvhZ828Kcd0Tj5wfc9ytWzoKOJPaCNuh0YyjFGgUR3h9NnDuH7YS1-F0KrgxR_4rLodA83zg9rqiPT2XXNq32xfvV-pWNVGZ9h5ntUUvR4zEpJSCB2RaxZ1645ywxsUgmPaKaBw7pgK3iB1HEwPSqAy8_gCqlmX6:1uZ2Ib:qf3yc0cmwECRtKJDove26oSE7MEfiOhaOSUtu1iYTCo	2025-07-22 12:29:29.881122+05:30
n77hyl2dampupp8bywyq89aeusnqsszo	.eJxVj0luhDAQRe9Sa4RsivLALrlGFKHyQINCcIRNNq2-e4CwYVd6f9CvJ7D3aVtKz1sZ41Imz2VKS_8dy5hChu7jCf83dJCTn3i-ElABF-ikJmkJDVEtjZUtqQp-1vQ7hbjukUdKjznu3m06GqQgbRrbotFCIjVolER4fVZwDui3HNf-dCq4Mcf-Ky6HwPN84PqaUZ-eS8712-2N9yt1qxo5j3uPs9qipwEjCyJqZEChVdypN8411rgYGqG9Yh6GVqggLWIr0cSAPCgDrz_y-mYr:1uZ1EF:jB2XMLsIjmY1NHSfhItotHpWAyjEiaUMNwdOIeGPe7Y	2025-07-22 11:20:55.212336+05:30
v7p9ftb8err4crdecmrewbbm3kq15hpw	.eJwlyc0KAiEQAOB3mbMEUjKtt05R93aJCJHZKSTRxb-L-O4FfdevQ47krLdEsYZicrGFM-gOl3O77lu9zWGZF3k_gX502FIkzr8HH98ugIDVFgs6VO8FbB9iQ3Fl0zi5l-P0nyEkKjkpnBB3SuFhOuJzjC-zASnV:1uZ2Ij:BeBz2Fqj-E32Zynex5a623NX2r5MXZG833DXGPdQeRg	2025-07-22 12:29:37.565545+05:30
d3i5y1cxeoaire8p41ka2q0i9of1xusf	.eJxVj0luhDAQRe9Sa4RsF57YJdeIIlQeaKwQHGGTTavvHiBs2JXeH_TrCeR93pY60FanuNTkqaa8DN-xTjkU6D-e8H9DDyX7RPOVgAaoQs-15FZqa3grO8OYEA38rPk3hbjukUfOjznu3i0dDZxJbYTt0GjGUQo0iiO8Phs4BwxbietwOhXcmCP_FZdDoHk-cHvNaE_PJZf27fbG-5W6VU1Upr3HWW3RyxEjMSml4AGZVnGn3jgnrHExCKa9IhrHjqnALWLH0cSANCoDrz_q42Yi:1uZ2In:-8vOjl7SNYYkYhmFHS2EUbWTo-nUo_M982ZkWv7nKF8	2025-07-22 12:29:41.569754+05:30
z8ryizl4m7f9zzarpyxzg4l9xlzefk5s	.eJytkstu2zAQRf-Fa0HgQ3x5Z6NBE9d1ExQoahSBMCIpWY1MBhKlPgz_eyjHWXjvHTF3eM-dIY9oCKaFDowJo4_lECG6AS2OiO123ny5f7S7u-3hG6zR4tcRvfbBuCHpqAtN61GGLERACz92XYZeX4wrTbCunFzf1q3r35VTRiQnSjGsVF7oQlImnjPUAEz3_36S8F8u7x7991sRlNKYySIRfnwyX43HlHv2pzfLza0ImipcMJUIh371mXKx4niCh-3T6jYEnWOmSSHnLa0b8bDG02bz5PXv7d_uVgSitOLPpwx9PD2Mce98bA3ENvjy4OI-2OGMez8n2tVnSVSIaPHhqXHOZaEFptmcb2rtzEVNCE3nUu_Yzg4Ec6moTtuTmDBOmRKEoVMa9BygHAfXl-dOga5qFZgX52cBum4u55cY-bnnIg_58mqM1eXWldUehn3yqbTUzPCaOcCcc0osw1K4VDWqqqhWlbMUSyMA6rrAwhLNWEGYcpZBLRQ6vQEANAq6:1uYios:DXPvko2h5rW4vYOCfBHsDMXiaNMp8KQpfc0dSL0vaOU	2025-07-21 15:41:30.608719+05:30
ghcvlj2wwz5xxk6prskjj4idfskpttig	.eJytkM1uwjAQhN9lz1Fkx_Eft1KppWqFVHFBVChyHIeYhJhihx4Q714HaCXunLzaWc83uyfwTlvVKa3d0IfCBxWMh8kJwtv2u5zPxfb12PSKLGHydYL9wWnjow6d29geEqhUUDDph65LYN9qU2hXmeJoDra25nBVzgnmFEuKBcrTXGZZjtk6gYytntHML9qZe__8-dg9ihAfxPORsFhZPzC53C9fmmnXto8h0JQjwjES63MCf4dTQ2hMH6xWwbq-2JnQuMpfgNc68u5OHbkqwOTflaWMxMsImYwJj7YaybBxbtOZODvY0QEjykUmcyI4woRmRDBM4BxXvQQoBm8OxWWSwV2vVLo1_Siorhvb6S1Gepm5yT59ultjevt1Z9Uo30SfUnJJNK2JUYhSmuGKIM5M7GpRlpkUpakyxDVTqq5zxCosCckxEaYiqmYCzr8fac3d:1uZ0hC:TwgPRSrhVx9ScYMoMAk10N-lyJQ1KD2ELdcI-RUq_fQ	2025-07-22 10:46:46.76328+05:30
8e5ynjk6p4jldngylfx044nrncx5rpgp	.eJwlycEKAiEQANB_mbME5rqRx4gu0SX2FiEyO4VkzqLuRoj_3kK3B69CZvQuOESeY7G5uEIZTAUlO3Varufv-3M4XuIA5lZhSoyU14fATx9BwOiKAxPnEARMLySLPJJdKPmHp_SfJuROy71Wut9ulF4hu3trP5bhKXg:1uZ19W:Hjyh81jl7cOFax7RXCm1p0BXmNi9GW4-hRCQsKGKpWc	2025-07-22 11:16:02.369116+05:30
tzxjlhzu4imgzklzzyh7y4rmbaroaptu	.eJytkktv4jAUhf-L11HkR_xiVzpoBoZhiipVQlUVObYDGYJdxU6GCvHf61C6YM_Ouuf6fOde-wSC141qlda-d7EMUUUbwOQEyGbj9O9fT2YzWx3-qgWYvJ7Ae-e1DUkHrd82DmTAqKjAxPVtm4H3vbal9saWg-2aurHdl3LOEKdICAKFyAtZcEzYWwbme16HWf846_Txef4x3IsgIYVMJMDLD_1HO4ipI_87_bC8GwALWJCRcOimPzFlUwoHNV-tp_chyBwSiQo-LmmxZfMFHJbLtZP_Vsf2XgQkpKBv5wx8v7zq48662GgVG-_Kg407b8IF93VOtJu_kqgqgsm3p4Q5K6BABc3GfENjRi7Yer9tbertm9EBQcoFlml7HCJCMREMEXBOg14ClH2wXXnpZOCmVim9t24UVNuO5fwaI7_0XOWQP9yMMb3eurHaqbBLPpXkkmhaE6sgpRQjQyBnNlW1qCosRWUNhlwzpeq6gMwgSUiBiLCGqJoJcP4Ey5EKuA:1uYios:M2mAxexJWpf_hJmqGQ2zK_y81v59-OaqAadFaW8FyRE	2025-07-21 15:41:30.658863+05:30
l1tzapjiet7cu0c6irwetb59nquadc2z	.eJytkF9rgzAUxb_LfRbJHxOjb2thpa-jK6yjSIzXapuZorEwit99aruB73sL55yc3733Dp0ztbbaGNc3Puu89thBegeUu7Ncrd8i8SEO3_YA6ecdrq0z2I0-WHeqGwig0F5D2vTWBnC9GMyMKzC7YVuXNbYPZwhoLKhSXCoRikRJlRwD2O_J9ux4SS8WV2wd_Q9AhoQwqtgIWEd-YzZCbmlD3nev2_8C0IgwRdlxCOD3bLr3FTa-NtrXrsm-0Feu6Gbg4z3yFoceudpD-tcah4RGCSMimCa81cVEhpNzJ4tjtq-nBkpErFgScRUTygXjSlIOw7jqPEDWd9hmc1LCQsu1uWAzGdraSQ6fY4Rz5ml34ctijdXz16Kq0l019uRJnHAjSo6aCCEYLTiJJY6qUXnOEpVjwUhspNZlGRFZ0ITziHKFBdelVDD8ABbGy2g:1uYiyV:xxi4DQbxw0HRdK49JMRnWPHBII7W8TI1qtrApf3X3Pc	2025-07-21 15:51:27.031887+05:30
hy4mts239iypafvx4j6fgwl89smr48ae	.eJwlybEKwyAQANB_uVlKRdJGt0xdO3QpJYic12B7aFCTRfz3Bjq94TUoCYNjh5i2WG2prlIB0-AyfR7-rhfWZ4-36Qnm1WDNCakcD5yWEEGAd9WBiRuzgPWLZDF5sjvl8A6U_9OFvA5yHJWU8qQPB6Xm3n-UeClp:1uYipD:jD_sKJGLgtUqEDMTpdAmac9JSR5GIKQv6jeM8TMy5D4	2025-07-21 15:41:51.995354+05:30
amsfz4uc0ymkb5f4vqkflcqen67ov063	.eJwlybEKwjAQANB_uTmI11ITMgri5tBVJITrtaTGpCSpgyH_ruBbX4UcyVlvieIeisnFFs6gK1yG5Ty-riOtt3n9SAX6XmFLkTj_HnxcXAABky0WdNi9F7A9iQ3Fic2bk5sdp_80gXJApXrE7oAndexl92jtC60eKac:1uYipE:QMmAVrWOeUfDQeV0GTgIxMlbpthp6Z8rwozFCXecY-o	2025-07-21 15:41:52.183187+05:30
74rxt7zzebjkwp3gr018lz68t800hy76	.eJxVj81ugzAQhN9lzwjZGP-QW6uq6anXHqoILfYSrBAcYZNDI969QNJKuVkz4_lmbxCD9dijtWEaUh0TJoqwu8F-_1G-xbPZm5-v90-fYPd9g8sYLMXFhz4c_QAZOEwIu2Hq-wwuJ0u1DY7qK42-9TTenTnjWnJjjFYq16xghZCHOYM_KE6poyF5i8mHoT5T6oKLG_D-XnhPMxcuLoP-W3UujRKV0tm68OrdSoZjCMeeluzk1wbOpDZFVQqjGReyEEZxAfMhg21APUUa6y2p4Elr0J5oWA3s-1XOHzPyLfOwY_7ydMbr49dTVYexW3qaSlfCylYQMillwZ1gWtGiWtM0RWUacgXTViG2bcmU45UQJReGnMBWGZh_Ae-tjvw:1uYkIR:KQ3WStDrncBzvPOOxW-vplrCgnD6VPAgW47zblq6qyw	2025-07-21 17:16:07.605854+05:30
43ou0qgx5sps1f98d77avqk7rzfe5kil	.eJwlycsKAiEUANB_uWuJsRo1lzOLPqBoEyFy5zZIooOPFon_XtDZngY5orPeIsYaisnFFsqgG1xznc4fL24rXY7zlEDfG2wpIuXfg4-rC8BgscWCDtV7BtsLyWBcyLwpuaej9J_OuBy5UkqK024vhoNU_NH7F8KmKfA:1uYkIT:C8DQkSpPeyTvYkqUuuzU4wPKu3T5vbMg91rOgza1d38	2025-07-21 17:16:09.267073+05:30
363hwk3f6juklv93vuqeyso0pok7lvqa	.eJxVj0luhDAQRe9Sa4RsF57YJdeIIlQeaKwQHGGTTavvHiBs2JXeH_TrCeR93pY60FanuNTkqaa8DN-xTjkU6D-e8H9DDyX7RPOVgAaoQs-15MYYrUWLyupOiwZ-1vybQlz3yCPnxxx375aOBs6kNsJ2aDTjKAUaxRFenw2cA4atxHU4nQpuzJH_issh0DwfuL1mtKfnkkv7dnvj_UrdqiYq097jrLbo5YiRmJRS8IBMq7hTb5wT1rgYBNNeEY1jx1TgFrHjaGJAGpWB1x_7iGY0:1uYkIW:HKn3MZ7IGBjjJQ-7bzI52OYME1dgNod0mfbBBe1oCtc	2025-07-21 17:16:12.382285+05:30
wu5wajyx5bhb96uw8tvzaz8s1u3yt7p1	.eJxVj0luhDAQRe9Sa4RsykPBLrlGFKHyQINCcIRNNq2-e4CwYVd6f9CvJ7D3aVtKz1sZ41Imz2VKS_8dy5hChu7jCf83dJCTn3i-ElABF-ik1ZKIrFW1RkXa2gp-1vQ7hbjukUdKjznu3m06GqTQlppWIVkhUTdIRiK8Pis4B_Rbjmt_Og3cmGP_FZdD4Hk-cH3NqE_PJef67fbG-5W6VY2cx73HtbZFrweMLLTWjQworIk79eRc05KLoRHWG-ZhUMIE2SIqiRQD8mAIXn_-RGY3:1uYkIY:ujMWxgIRwkcwT60a9bQw5QCGeyu91U4uDb0Krou-LiA	2025-07-21 17:16:14.547677+05:30
xtff4m475b4bsy8k10rk1acqxlld1ekn	eyJzb2NpYWxhY2NvdW50X3N0YXRlcyI6eyJmNEswUzZRVlRIcTM1ekRpIjpbeyJwcm9jZXNzIjoibG9naW4iLCJkYXRhIjpudWxsLCJwa2NlX2NvZGVfdmVyaWZpZXIiOm51bGx9LDE3NTE4OTA1NTcuMjk1NTQ1XX19:1uYklJ:BRqoQvzzzbejVU80MqG5CllciiVgS_kk2WgRr1oZ-0k	2025-07-21 17:45:57.301195+05:30
fvm8ot6cvp9c86zzzanes6kpkt0p4ba2	.eJwlycEKAiEQANB_mbMEspm7XiuhS9A5QobZKSx3XdStg_jvBb3rq5AjeQxIFNe5uFywcAZTAZ9kPwcrj5fJqvP-BOZaYUmROP8eQnz4GQSMWBDMvIYgYHkRO4ojuzcnf_ec_tOE1EoOqtPbbqP6nR5Uf2vtC5UKKXM:1uZ1CR:N9JAWFhnpY75-iBiTfCIh0UakeiSBoZwJ-bFz3O-1HY	2025-07-22 11:19:03.593487+05:30
l7jzdmzvjf9e3szubvaewtw5101426fb	.eJxVj0luhDAQRe9Sa4RsF57YJdeIIlQeaKwQHGGTTavvHiBs2JXeH_TrCeR93pY60FanuNTkqaa8DN-xTjkU6D-e8H9DDyX7RPOVgAaoQs-15MYg57IVUholRAM_a_5NIa575JHzY467d0tHA2dSG2E7NJpxlAKN4givzwbOAcNW4jqcTgU35sh_xeUQaJ4P3F4z2tNzyaV9u73xfqVuVROVae9xVlv0csRITEopeECmVdypN84Ja1wMgmmviMaxYypwi9hxNDEgjcrA6w_mwmYe:1uYipH:eeoy8LoWh-sk3T0saC-6NJVOLh78HDzo-2aaRKX2z78	2025-07-21 15:41:55.274919+05:30
oh24aywnunzqfkgjscjkmwlakt22wroa	.eJxVj0luhDAQRe9Sa4Rsl0d2yTWiCJUHGhSCI2yyafXdA4QNu9L7g349gULI21J72uqYljoFqlNe-u9UxxwLdB9P-L-hg5LDRPOVgAaoQseN4tYi56oVWlmJsoGfNf9OMa175JHzY067d5uOBs6UscJJtIZxVAKt5givzwbOAf1W0tqfTg035il8peUQaJ4P3F4z2tNzyaV9u73xfqVuVSOVce_xzjgMasBETCkleERmdNppsN4LZ32KgpmgiYZBMh25Q5QcbYpIg7bw-gPomGYg:1uYipH:CAkHBMJToSr5d2miUW6kXVuzpNJb4Z8TRr2Moesei78	2025-07-21 15:41:55.277645+05:30
zi0d76j7juv97i2kmtohx9frrftrt7h9	.eJxVj0luhDAQRe9Sa4RsF57YJdeIIlQeaKwQHGGTTavvHiBs2JXeH_TrCeR93pY60FanuNTkqaa8DN-xTjkU6D-e8H9DDyX7RPOVgAaoQs-15MYg57plaIVGbOBnzb8pxHWPPHJ-zHH3bulo4ExqI2yHRjOOUqBRHOH12cA5YNhKXIfTqeDGHPmvuBwCzfOB22tGe3ouubRvtzfer9StaqIy7T3OaotejhiJSSkFD8i0ijv1xjlhjYtBMO0V0Th2TAVuETuOJgakURl4_QHl02Yd:1uYipJ:VUhBTSOhW2t6eKrHE1LQN_BikSETNOZPyPLCxWK4hzs	2025-07-21 15:41:57.045054+05:30
omyk68ivbqhxlntxrzjxkgilyonzjf25	.eJxVj0luhDAQRe9Sa4Rsl0d2yTWiCJUHGhSCI2yyafXdA4QNu9L7g349gULI21J72uqYljoFqlNe-u9UxxwLdB9P-L-hg5LDRPOVgAaoQseN4tYiF6w1RnJpTAM_a_6dYlr3yCPnx5x27zYdDZwpY4WTaA3jqARazRFenw2cA_qtpLU_nRpuzFP4Sssh0DwfuL1mtKfnkkv7dnvj_UrdqkYq497jnXEY1ICJmFJK8IjM6LTTYL0XzvoUBTNBEw2DZDpyhyg52hSRBm3h9QfpcWYh:1uYipM:-oMrjye7nDd5SFtvLq42wJLWNats5k5aYyFmhgY24PE	2025-07-21 15:42:00.78889+05:30
yp5zj4biqs74jphb8elxa0ynr8x3lo1j	.eJxVj81uhSAQhd9l1sYAIzC4a1-jacwIeCW10ih2c3PfvWrduJt85ydnnsDe520uHW9ljHNJnkvKc_cdy5jDCu3HE_5vaGHNPvF0JaACLtBKqyURSiVqQquEpAp-lvybQlz2yCPnxxR375aOBim0JeUaJCskaoVkJMLrs4JzQLetcelOp4Eb69l_xfkQeJoOXF8z6tNzyWv9dnvj_UrdqkZex72nd9ah1wNGFlprJQMKa-JOPfW9ctTHoIT1hnkYGmGCdIiNRIoBeTAErz_iFGYZ:1uYipM:JyRovboqwoRSdSMxhi3glQrtviDYfew0oxFCuqnFSOw	2025-07-21 15:42:00.851076+05:30
\.


--
-- Data for Name: django_site; Type: TABLE DATA; Schema: public; Owner: postgres
--

COPY public.django_site (id, domain, name) FROM stdin;
1	127.0.0.1:8000	Amazonclone
\.


--
-- Data for Name: socialaccount_socialaccount; Type: TABLE DATA; Schema: public; Owner: postgres
--

COPY public.socialaccount_socialaccount (id, provider, uid, last_login, date_joined, extra_data, user_id) FROM stdin;
8	google	114471254331182606408	2025-07-08 11:32:39.132624+05:30	2025-07-08 11:32:39.132624+05:30	{"aud": "471793528713-q3n5su7ml755ii818npk3ogl16rtp2u8.apps.googleusercontent.com", "azp": "471793528713-q3n5su7ml755ii818npk3ogl16rtp2u8.apps.googleusercontent.com", "exp": 1751958159, "iat": 1751954559, "iss": "https://accounts.google.com", "sub": "114471254331182606408", "name": "prexa", "email": "prexa180@gmail.com", "at_hash": "MFhNVtP01XRdaw1dwJS7MQ", "picture": "https://lh3.googleusercontent.com/a/ACg8ocKYmV7hwAHUtcUPWHLkgJ-eofcCeFCWVLJuXvzOZSm3MN_Ung=s96-c", "given_name": "prexa", "email_verified": true}	72
6	google	102931779022924839100	2025-07-08 12:04:21.844746+05:30	2025-07-07 11:58:20.031424+05:30	{"hd": "dau.ac.in", "aud": "471793528713-q3n5su7ml755ii818npk3ogl16rtp2u8.apps.googleusercontent.com", "azp": "471793528713-q3n5su7ml755ii818npk3ogl16rtp2u8.apps.googleusercontent.com", "exp": 1751960062, "iat": 1751956462, "iss": "https://accounts.google.com", "sub": "102931779022924839100", "name": "2024 12029", "email": "202412029@dau.ac.in", "at_hash": "2zoasLtbi0aZeuxr-9ZJbg", "picture": "https://lh3.googleusercontent.com/a/ACg8ocKOet2Y1zYuFI4RbqwoGkZIJ70mEeYynGnmqpjeJSYt-TPcYg=s96-c", "given_name": "2024", "family_name": "12029", "email_verified": true}	68
3	google	105782943870135238613	2025-07-08 12:29:41.71563+05:30	2025-06-11 12:09:36.552917+05:30	{"aud": "471793528713-q3n5su7ml755ii818npk3ogl16rtp2u8.apps.googleusercontent.com", "azp": "471793528713-q3n5su7ml755ii818npk3ogl16rtp2u8.apps.googleusercontent.com", "exp": 1751961582, "iat": 1751957982, "iss": "https://accounts.google.com", "sub": "105782943870135238613", "name": "3029 - Preksha Joshi", "email": "prekshajoshi44@gmail.com", "at_hash": "47dKx-XQDe5mUE1WBeqPmg", "picture": "https://lh3.googleusercontent.com/a/ACg8ocJ8cfEEBO5SHTccZZsDbbzgA5cYOw5zG4mOS664spFqwOpF8GaH=s96-c", "given_name": "3029 - Preksha", "family_name": "Joshi", "email_verified": true}	6
7	google	103411804376412738001	2025-07-08 14:57:56.226185+05:30	2025-07-08 11:21:31.585852+05:30	{"aud": "471793528713-q3n5su7ml755ii818npk3ogl16rtp2u8.apps.googleusercontent.com", "azp": "471793528713-q3n5su7ml755ii818npk3ogl16rtp2u8.apps.googleusercontent.com", "exp": 1751970476, "iat": 1751966876, "iss": "https://accounts.google.com", "sub": "103411804376412738001", "name": "preksha joshi", "email": "itspreksha54@gmail.com", "at_hash": "S1kprKfAw0KLIqaKXQK5_A", "picture": "https://lh3.googleusercontent.com/a/ACg8ocI8AxBDB2HF3tTZK1rOSbh9F3q3715U-soe5M7N5Ii0WSN8sQ=s96-c", "given_name": "preksha", "family_name": "joshi", "email_verified": true}	71
\.


--
-- Data for Name: socialaccount_socialapp; Type: TABLE DATA; Schema: public; Owner: postgres
--

COPY public.socialaccount_socialapp (id, provider, name, client_id, secret, key, provider_id, settings) FROM stdin;
\.


--
-- Data for Name: socialaccount_socialapp_sites; Type: TABLE DATA; Schema: public; Owner: postgres
--

COPY public.socialaccount_socialapp_sites (id, socialapp_id, site_id) FROM stdin;
\.


--
-- Data for Name: socialaccount_socialtoken; Type: TABLE DATA; Schema: public; Owner: postgres
--

COPY public.socialaccount_socialtoken (id, token, token_secret, expires_at, account_id, app_id) FROM stdin;
\.


--
-- Name: Amazonclone_address_id_seq; Type: SEQUENCE SET; Schema: public; Owner: postgres
--

SELECT pg_catalog.setval('public."Amazonclone_address_id_seq"', 2, true);


--
-- Name: Amazonclone_cart_id_seq; Type: SEQUENCE SET; Schema: public; Owner: postgres
--

SELECT pg_catalog.setval('public."Amazonclone_cart_id_seq"', 30, true);


--
-- Name: Amazonclone_order_id_seq; Type: SEQUENCE SET; Schema: public; Owner: postgres
--

SELECT pg_catalog.setval('public."Amazonclone_order_id_seq"', 139, true);


--
-- Name: Amazonclone_orderitem_id_seq; Type: SEQUENCE SET; Schema: public; Owner: postgres
--

SELECT pg_catalog.setval('public."Amazonclone_orderitem_id_seq"', 1, false);


--
-- Name: Amazonclone_otpverification_id_seq; Type: SEQUENCE SET; Schema: public; Owner: postgres
--

SELECT pg_catalog.setval('public."Amazonclone_otpverification_id_seq"', 41, true);


--
-- Name: Amazonclone_product_id_seq; Type: SEQUENCE SET; Schema: public; Owner: postgres
--

SELECT pg_catalog.setval('public."Amazonclone_product_id_seq"', 8, true);


--
-- Name: Amazonclone_productquestion_id_seq; Type: SEQUENCE SET; Schema: public; Owner: postgres
--

SELECT pg_catalog.setval('public."Amazonclone_productquestion_id_seq"', 4, true);


--
-- Name: Amazonclone_profile_id_seq; Type: SEQUENCE SET; Schema: public; Owner: postgres
--

SELECT pg_catalog.setval('public."Amazonclone_profile_id_seq"', 72, true);


--
-- Name: Amazonclone_review_id_seq; Type: SEQUENCE SET; Schema: public; Owner: postgres
--

SELECT pg_catalog.setval('public."Amazonclone_review_id_seq"', 4, true);


--
-- Name: Amazonclone_stockalert_id_seq; Type: SEQUENCE SET; Schema: public; Owner: postgres
--

SELECT pg_catalog.setval('public."Amazonclone_stockalert_id_seq"', 1, false);


--
-- Name: Amazonclone_stocknotification_id_seq; Type: SEQUENCE SET; Schema: public; Owner: postgres
--

SELECT pg_catalog.setval('public."Amazonclone_stocknotification_id_seq"', 1, false);


--
-- Name: Amazonclone_userlocation_id_seq; Type: SEQUENCE SET; Schema: public; Owner: postgres
--

SELECT pg_catalog.setval('public."Amazonclone_userlocation_id_seq"', 1, false);


--
-- Name: account_emailaddress_id_seq; Type: SEQUENCE SET; Schema: public; Owner: postgres
--

SELECT pg_catalog.setval('public.account_emailaddress_id_seq', 9, true);


--
-- Name: account_emailconfirmation_id_seq; Type: SEQUENCE SET; Schema: public; Owner: postgres
--

SELECT pg_catalog.setval('public.account_emailconfirmation_id_seq', 1, false);


--
-- Name: auth_group_id_seq; Type: SEQUENCE SET; Schema: public; Owner: postgres
--

SELECT pg_catalog.setval('public.auth_group_id_seq', 1, false);


--
-- Name: auth_group_permissions_id_seq; Type: SEQUENCE SET; Schema: public; Owner: postgres
--

SELECT pg_catalog.setval('public.auth_group_permissions_id_seq', 1, false);


--
-- Name: auth_permission_id_seq; Type: SEQUENCE SET; Schema: public; Owner: postgres
--

SELECT pg_catalog.setval('public.auth_permission_id_seq', 96, true);


--
-- Name: auth_user_groups_id_seq; Type: SEQUENCE SET; Schema: public; Owner: postgres
--

SELECT pg_catalog.setval('public.auth_user_groups_id_seq', 1, false);


--
-- Name: auth_user_id_seq; Type: SEQUENCE SET; Schema: public; Owner: postgres
--

SELECT pg_catalog.setval('public.auth_user_id_seq', 72, true);


--
-- Name: auth_user_user_permissions_id_seq; Type: SEQUENCE SET; Schema: public; Owner: postgres
--

SELECT pg_catalog.setval('public.auth_user_user_permissions_id_seq', 1, false);


--
-- Name: django_admin_log_id_seq; Type: SEQUENCE SET; Schema: public; Owner: postgres
--

SELECT pg_catalog.setval('public.django_admin_log_id_seq', 134, true);


--
-- Name: django_content_type_id_seq; Type: SEQUENCE SET; Schema: public; Owner: postgres
--

SELECT pg_catalog.setval('public.django_content_type_id_seq', 24, true);


--
-- Name: django_migrations_id_seq; Type: SEQUENCE SET; Schema: public; Owner: postgres
--

SELECT pg_catalog.setval('public.django_migrations_id_seq', 63, true);


--
-- Name: django_site_id_seq; Type: SEQUENCE SET; Schema: public; Owner: postgres
--

SELECT pg_catalog.setval('public.django_site_id_seq', 1, true);


--
-- Name: socialaccount_socialaccount_id_seq; Type: SEQUENCE SET; Schema: public; Owner: postgres
--

SELECT pg_catalog.setval('public.socialaccount_socialaccount_id_seq', 8, true);


--
-- Name: socialaccount_socialapp_id_seq; Type: SEQUENCE SET; Schema: public; Owner: postgres
--

SELECT pg_catalog.setval('public.socialaccount_socialapp_id_seq', 1, false);


--
-- Name: socialaccount_socialapp_sites_id_seq; Type: SEQUENCE SET; Schema: public; Owner: postgres
--

SELECT pg_catalog.setval('public.socialaccount_socialapp_sites_id_seq', 1, false);


--
-- Name: socialaccount_socialtoken_id_seq; Type: SEQUENCE SET; Schema: public; Owner: postgres
--

SELECT pg_catalog.setval('public.socialaccount_socialtoken_id_seq', 1, false);


--
-- Name: Amazonclone_address Amazonclone_address_pkey; Type: CONSTRAINT; Schema: public; Owner: postgres
--

ALTER TABLE ONLY public."Amazonclone_address"
    ADD CONSTRAINT "Amazonclone_address_pkey" PRIMARY KEY (id);


--
-- Name: Amazonclone_cart Amazonclone_cart_pkey; Type: CONSTRAINT; Schema: public; Owner: postgres
--

ALTER TABLE ONLY public."Amazonclone_cart"
    ADD CONSTRAINT "Amazonclone_cart_pkey" PRIMARY KEY (id);


--
-- Name: Amazonclone_order Amazonclone_order_payment_id_1ab89bf4_uniq; Type: CONSTRAINT; Schema: public; Owner: postgres
--

ALTER TABLE ONLY public."Amazonclone_order"
    ADD CONSTRAINT "Amazonclone_order_payment_id_1ab89bf4_uniq" UNIQUE (payment_id);


--
-- Name: Amazonclone_order Amazonclone_order_pkey; Type: CONSTRAINT; Schema: public; Owner: postgres
--

ALTER TABLE ONLY public."Amazonclone_order"
    ADD CONSTRAINT "Amazonclone_order_pkey" PRIMARY KEY (id);


--
-- Name: Amazonclone_orderitem Amazonclone_orderitem_pkey; Type: CONSTRAINT; Schema: public; Owner: postgres
--

ALTER TABLE ONLY public."Amazonclone_orderitem"
    ADD CONSTRAINT "Amazonclone_orderitem_pkey" PRIMARY KEY (id);


--
-- Name: Amazonclone_otpverification Amazonclone_otpverification_pkey; Type: CONSTRAINT; Schema: public; Owner: postgres
--

ALTER TABLE ONLY public."Amazonclone_otpverification"
    ADD CONSTRAINT "Amazonclone_otpverification_pkey" PRIMARY KEY (id);


--
-- Name: Amazonclone_otpverification Amazonclone_otpverification_user_id_key; Type: CONSTRAINT; Schema: public; Owner: postgres
--

ALTER TABLE ONLY public."Amazonclone_otpverification"
    ADD CONSTRAINT "Amazonclone_otpverification_user_id_key" UNIQUE (user_id);


--
-- Name: Amazonclone_product Amazonclone_product_pkey; Type: CONSTRAINT; Schema: public; Owner: postgres
--

ALTER TABLE ONLY public."Amazonclone_product"
    ADD CONSTRAINT "Amazonclone_product_pkey" PRIMARY KEY (id);


--
-- Name: Amazonclone_productquestion Amazonclone_productquestion_pkey; Type: CONSTRAINT; Schema: public; Owner: postgres
--

ALTER TABLE ONLY public."Amazonclone_productquestion"
    ADD CONSTRAINT "Amazonclone_productquestion_pkey" PRIMARY KEY (id);


--
-- Name: Amazonclone_profile Amazonclone_profile_pkey; Type: CONSTRAINT; Schema: public; Owner: postgres
--

ALTER TABLE ONLY public."Amazonclone_profile"
    ADD CONSTRAINT "Amazonclone_profile_pkey" PRIMARY KEY (id);


--
-- Name: Amazonclone_profile Amazonclone_profile_user_id_key; Type: CONSTRAINT; Schema: public; Owner: postgres
--

ALTER TABLE ONLY public."Amazonclone_profile"
    ADD CONSTRAINT "Amazonclone_profile_user_id_key" UNIQUE (user_id);


--
-- Name: Amazonclone_review Amazonclone_review_pkey; Type: CONSTRAINT; Schema: public; Owner: postgres
--

ALTER TABLE ONLY public."Amazonclone_review"
    ADD CONSTRAINT "Amazonclone_review_pkey" PRIMARY KEY (id);


--
-- Name: Amazonclone_stockalert Amazonclone_stockalert_pkey; Type: CONSTRAINT; Schema: public; Owner: postgres
--

ALTER TABLE ONLY public."Amazonclone_stockalert"
    ADD CONSTRAINT "Amazonclone_stockalert_pkey" PRIMARY KEY (id);


--
-- Name: Amazonclone_stocknotification Amazonclone_stocknotification_pkey; Type: CONSTRAINT; Schema: public; Owner: postgres
--

ALTER TABLE ONLY public."Amazonclone_stocknotification"
    ADD CONSTRAINT "Amazonclone_stocknotification_pkey" PRIMARY KEY (id);


--
-- Name: Amazonclone_userlocation Amazonclone_userlocation_pkey; Type: CONSTRAINT; Schema: public; Owner: postgres
--

ALTER TABLE ONLY public."Amazonclone_userlocation"
    ADD CONSTRAINT "Amazonclone_userlocation_pkey" PRIMARY KEY (id);


--
-- Name: Amazonclone_userlocation Amazonclone_userlocation_user_id_key; Type: CONSTRAINT; Schema: public; Owner: postgres
--

ALTER TABLE ONLY public."Amazonclone_userlocation"
    ADD CONSTRAINT "Amazonclone_userlocation_user_id_key" UNIQUE (user_id);


--
-- Name: account_emailaddress account_emailaddress_pkey; Type: CONSTRAINT; Schema: public; Owner: postgres
--

ALTER TABLE ONLY public.account_emailaddress
    ADD CONSTRAINT account_emailaddress_pkey PRIMARY KEY (id);


--
-- Name: account_emailaddress account_emailaddress_user_id_email_987c8728_uniq; Type: CONSTRAINT; Schema: public; Owner: postgres
--

ALTER TABLE ONLY public.account_emailaddress
    ADD CONSTRAINT account_emailaddress_user_id_email_987c8728_uniq UNIQUE (user_id, email);


--
-- Name: account_emailconfirmation account_emailconfirmation_key_key; Type: CONSTRAINT; Schema: public; Owner: postgres
--

ALTER TABLE ONLY public.account_emailconfirmation
    ADD CONSTRAINT account_emailconfirmation_key_key UNIQUE (key);


--
-- Name: account_emailconfirmation account_emailconfirmation_pkey; Type: CONSTRAINT; Schema: public; Owner: postgres
--

ALTER TABLE ONLY public.account_emailconfirmation
    ADD CONSTRAINT account_emailconfirmation_pkey PRIMARY KEY (id);


--
-- Name: auth_group auth_group_name_key; Type: CONSTRAINT; Schema: public; Owner: postgres
--

ALTER TABLE ONLY public.auth_group
    ADD CONSTRAINT auth_group_name_key UNIQUE (name);


--
-- Name: auth_group_permissions auth_group_permissions_group_id_permission_id_0cd325b0_uniq; Type: CONSTRAINT; Schema: public; Owner: postgres
--

ALTER TABLE ONLY public.auth_group_permissions
    ADD CONSTRAINT auth_group_permissions_group_id_permission_id_0cd325b0_uniq UNIQUE (group_id, permission_id);


--
-- Name: auth_group_permissions auth_group_permissions_pkey; Type: CONSTRAINT; Schema: public; Owner: postgres
--

ALTER TABLE ONLY public.auth_group_permissions
    ADD CONSTRAINT auth_group_permissions_pkey PRIMARY KEY (id);


--
-- Name: auth_group auth_group_pkey; Type: CONSTRAINT; Schema: public; Owner: postgres
--

ALTER TABLE ONLY public.auth_group
    ADD CONSTRAINT auth_group_pkey PRIMARY KEY (id);


--
-- Name: auth_permission auth_permission_content_type_id_codename_01ab375a_uniq; Type: CONSTRAINT; Schema: public; Owner: postgres
--

ALTER TABLE ONLY public.auth_permission
    ADD CONSTRAINT auth_permission_content_type_id_codename_01ab375a_uniq UNIQUE (content_type_id, codename);


--
-- Name: auth_permission auth_permission_pkey; Type: CONSTRAINT; Schema: public; Owner: postgres
--

ALTER TABLE ONLY public.auth_permission
    ADD CONSTRAINT auth_permission_pkey PRIMARY KEY (id);


--
-- Name: auth_user_groups auth_user_groups_pkey; Type: CONSTRAINT; Schema: public; Owner: postgres
--

ALTER TABLE ONLY public.auth_user_groups
    ADD CONSTRAINT auth_user_groups_pkey PRIMARY KEY (id);


--
-- Name: auth_user_groups auth_user_groups_user_id_group_id_94350c0c_uniq; Type: CONSTRAINT; Schema: public; Owner: postgres
--

ALTER TABLE ONLY public.auth_user_groups
    ADD CONSTRAINT auth_user_groups_user_id_group_id_94350c0c_uniq UNIQUE (user_id, group_id);


--
-- Name: auth_user auth_user_pkey; Type: CONSTRAINT; Schema: public; Owner: postgres
--

ALTER TABLE ONLY public.auth_user
    ADD CONSTRAINT auth_user_pkey PRIMARY KEY (id);


--
-- Name: auth_user_user_permissions auth_user_user_permissions_pkey; Type: CONSTRAINT; Schema: public; Owner: postgres
--

ALTER TABLE ONLY public.auth_user_user_permissions
    ADD CONSTRAINT auth_user_user_permissions_pkey PRIMARY KEY (id);


--
-- Name: auth_user_user_permissions auth_user_user_permissions_user_id_permission_id_14a6b632_uniq; Type: CONSTRAINT; Schema: public; Owner: postgres
--

ALTER TABLE ONLY public.auth_user_user_permissions
    ADD CONSTRAINT auth_user_user_permissions_user_id_permission_id_14a6b632_uniq UNIQUE (user_id, permission_id);


--
-- Name: auth_user auth_user_username_key; Type: CONSTRAINT; Schema: public; Owner: postgres
--

ALTER TABLE ONLY public.auth_user
    ADD CONSTRAINT auth_user_username_key UNIQUE (username);


--
-- Name: django_admin_log django_admin_log_pkey; Type: CONSTRAINT; Schema: public; Owner: postgres
--

ALTER TABLE ONLY public.django_admin_log
    ADD CONSTRAINT django_admin_log_pkey PRIMARY KEY (id);


--
-- Name: django_content_type django_content_type_app_label_model_76bd3d3b_uniq; Type: CONSTRAINT; Schema: public; Owner: postgres
--

ALTER TABLE ONLY public.django_content_type
    ADD CONSTRAINT django_content_type_app_label_model_76bd3d3b_uniq UNIQUE (app_label, model);


--
-- Name: django_content_type django_content_type_pkey; Type: CONSTRAINT; Schema: public; Owner: postgres
--

ALTER TABLE ONLY public.django_content_type
    ADD CONSTRAINT django_content_type_pkey PRIMARY KEY (id);


--
-- Name: django_migrations django_migrations_pkey; Type: CONSTRAINT; Schema: public; Owner: postgres
--

ALTER TABLE ONLY public.django_migrations
    ADD CONSTRAINT django_migrations_pkey PRIMARY KEY (id);


--
-- Name: django_session django_session_pkey; Type: CONSTRAINT; Schema: public; Owner: postgres
--

ALTER TABLE ONLY public.django_session
    ADD CONSTRAINT django_session_pkey PRIMARY KEY (session_key);


--
-- Name: django_site django_site_domain_a2e37b91_uniq; Type: CONSTRAINT; Schema: public; Owner: postgres
--

ALTER TABLE ONLY public.django_site
    ADD CONSTRAINT django_site_domain_a2e37b91_uniq UNIQUE (domain);


--
-- Name: django_site django_site_pkey; Type: CONSTRAINT; Schema: public; Owner: postgres
--

ALTER TABLE ONLY public.django_site
    ADD CONSTRAINT django_site_pkey PRIMARY KEY (id);


--
-- Name: socialaccount_socialaccount socialaccount_socialaccount_pkey; Type: CONSTRAINT; Schema: public; Owner: postgres
--

ALTER TABLE ONLY public.socialaccount_socialaccount
    ADD CONSTRAINT socialaccount_socialaccount_pkey PRIMARY KEY (id);


--
-- Name: socialaccount_socialaccount socialaccount_socialaccount_provider_uid_fc810c6e_uniq; Type: CONSTRAINT; Schema: public; Owner: postgres
--

ALTER TABLE ONLY public.socialaccount_socialaccount
    ADD CONSTRAINT socialaccount_socialaccount_provider_uid_fc810c6e_uniq UNIQUE (provider, uid);


--
-- Name: socialaccount_socialapp_sites socialaccount_socialapp__socialapp_id_site_id_71a9a768_uniq; Type: CONSTRAINT; Schema: public; Owner: postgres
--

ALTER TABLE ONLY public.socialaccount_socialapp_sites
    ADD CONSTRAINT socialaccount_socialapp__socialapp_id_site_id_71a9a768_uniq UNIQUE (socialapp_id, site_id);


--
-- Name: socialaccount_socialapp socialaccount_socialapp_pkey; Type: CONSTRAINT; Schema: public; Owner: postgres
--

ALTER TABLE ONLY public.socialaccount_socialapp
    ADD CONSTRAINT socialaccount_socialapp_pkey PRIMARY KEY (id);


--
-- Name: socialaccount_socialapp_sites socialaccount_socialapp_sites_pkey; Type: CONSTRAINT; Schema: public; Owner: postgres
--

ALTER TABLE ONLY public.socialaccount_socialapp_sites
    ADD CONSTRAINT socialaccount_socialapp_sites_pkey PRIMARY KEY (id);


--
-- Name: socialaccount_socialtoken socialaccount_socialtoken_app_id_account_id_fca4e0ac_uniq; Type: CONSTRAINT; Schema: public; Owner: postgres
--

ALTER TABLE ONLY public.socialaccount_socialtoken
    ADD CONSTRAINT socialaccount_socialtoken_app_id_account_id_fca4e0ac_uniq UNIQUE (app_id, account_id);


--
-- Name: socialaccount_socialtoken socialaccount_socialtoken_pkey; Type: CONSTRAINT; Schema: public; Owner: postgres
--

ALTER TABLE ONLY public.socialaccount_socialtoken
    ADD CONSTRAINT socialaccount_socialtoken_pkey PRIMARY KEY (id);


--
-- Name: Amazonclone_address_user_id_a920d3bb; Type: INDEX; Schema: public; Owner: postgres
--

CREATE INDEX "Amazonclone_address_user_id_a920d3bb" ON public."Amazonclone_address" USING btree (user_id);


--
-- Name: Amazonclone_cart_product_id_9347072c; Type: INDEX; Schema: public; Owner: postgres
--

CREATE INDEX "Amazonclone_cart_product_id_9347072c" ON public."Amazonclone_cart" USING btree (product_id);


--
-- Name: Amazonclone_cart_user_id_2f10c461; Type: INDEX; Schema: public; Owner: postgres
--

CREATE INDEX "Amazonclone_cart_user_id_2f10c461" ON public."Amazonclone_cart" USING btree (user_id);


--
-- Name: Amazonclone_order_payment_id_1ab89bf4_like; Type: INDEX; Schema: public; Owner: postgres
--

CREATE INDEX "Amazonclone_order_payment_id_1ab89bf4_like" ON public."Amazonclone_order" USING btree (payment_id varchar_pattern_ops);


--
-- Name: Amazonclone_order_user_id_c6730279; Type: INDEX; Schema: public; Owner: postgres
--

CREATE INDEX "Amazonclone_order_user_id_c6730279" ON public."Amazonclone_order" USING btree (user_id);


--
-- Name: Amazonclone_orderitem_order_id_ae87e8f8; Type: INDEX; Schema: public; Owner: postgres
--

CREATE INDEX "Amazonclone_orderitem_order_id_ae87e8f8" ON public."Amazonclone_orderitem" USING btree (order_id);


--
-- Name: Amazonclone_productquestion_product_id_43909d05; Type: INDEX; Schema: public; Owner: postgres
--

CREATE INDEX "Amazonclone_productquestion_product_id_43909d05" ON public."Amazonclone_productquestion" USING btree (product_id);


--
-- Name: Amazonclone_productquestion_user_id_8d950c78; Type: INDEX; Schema: public; Owner: postgres
--

CREATE INDEX "Amazonclone_productquestion_user_id_8d950c78" ON public."Amazonclone_productquestion" USING btree (user_id);


--
-- Name: Amazonclone_profile_default_address_id_c11d31bf; Type: INDEX; Schema: public; Owner: postgres
--

CREATE INDEX "Amazonclone_profile_default_address_id_c11d31bf" ON public."Amazonclone_profile" USING btree (default_address_id);


--
-- Name: Amazonclone_review_product_id_8325bab4; Type: INDEX; Schema: public; Owner: postgres
--

CREATE INDEX "Amazonclone_review_product_id_8325bab4" ON public."Amazonclone_review" USING btree (product_id);


--
-- Name: Amazonclone_review_user_id_d52788e1; Type: INDEX; Schema: public; Owner: postgres
--

CREATE INDEX "Amazonclone_review_user_id_d52788e1" ON public."Amazonclone_review" USING btree (user_id);


--
-- Name: Amazonclone_stockalert_product_id_80bfdcd0; Type: INDEX; Schema: public; Owner: postgres
--

CREATE INDEX "Amazonclone_stockalert_product_id_80bfdcd0" ON public."Amazonclone_stockalert" USING btree (product_id);


--
-- Name: Amazonclone_stockalert_user_id_c08859e9; Type: INDEX; Schema: public; Owner: postgres
--

CREATE INDEX "Amazonclone_stockalert_user_id_c08859e9" ON public."Amazonclone_stockalert" USING btree (user_id);


--
-- Name: Amazonclone_stocknotification_product_id_d88df8de; Type: INDEX; Schema: public; Owner: postgres
--

CREATE INDEX "Amazonclone_stocknotification_product_id_d88df8de" ON public."Amazonclone_stocknotification" USING btree (product_id);


--
-- Name: Amazonclone_stocknotification_user_id_dacce4ad; Type: INDEX; Schema: public; Owner: postgres
--

CREATE INDEX "Amazonclone_stocknotification_user_id_dacce4ad" ON public."Amazonclone_stocknotification" USING btree (user_id);


--
-- Name: account_emailaddress_email_03be32b2; Type: INDEX; Schema: public; Owner: postgres
--

CREATE INDEX account_emailaddress_email_03be32b2 ON public.account_emailaddress USING btree (email);


--
-- Name: account_emailaddress_email_03be32b2_like; Type: INDEX; Schema: public; Owner: postgres
--

CREATE INDEX account_emailaddress_email_03be32b2_like ON public.account_emailaddress USING btree (email varchar_pattern_ops);


--
-- Name: account_emailaddress_user_id_2c513194; Type: INDEX; Schema: public; Owner: postgres
--

CREATE INDEX account_emailaddress_user_id_2c513194 ON public.account_emailaddress USING btree (user_id);


--
-- Name: account_emailconfirmation_email_address_id_5b7f8c58; Type: INDEX; Schema: public; Owner: postgres
--

CREATE INDEX account_emailconfirmation_email_address_id_5b7f8c58 ON public.account_emailconfirmation USING btree (email_address_id);


--
-- Name: account_emailconfirmation_key_f43612bd_like; Type: INDEX; Schema: public; Owner: postgres
--

CREATE INDEX account_emailconfirmation_key_f43612bd_like ON public.account_emailconfirmation USING btree (key varchar_pattern_ops);


--
-- Name: auth_group_name_a6ea08ec_like; Type: INDEX; Schema: public; Owner: postgres
--

CREATE INDEX auth_group_name_a6ea08ec_like ON public.auth_group USING btree (name varchar_pattern_ops);


--
-- Name: auth_group_permissions_group_id_b120cbf9; Type: INDEX; Schema: public; Owner: postgres
--

CREATE INDEX auth_group_permissions_group_id_b120cbf9 ON public.auth_group_permissions USING btree (group_id);


--
-- Name: auth_group_permissions_permission_id_84c5c92e; Type: INDEX; Schema: public; Owner: postgres
--

CREATE INDEX auth_group_permissions_permission_id_84c5c92e ON public.auth_group_permissions USING btree (permission_id);


--
-- Name: auth_permission_content_type_id_2f476e4b; Type: INDEX; Schema: public; Owner: postgres
--

CREATE INDEX auth_permission_content_type_id_2f476e4b ON public.auth_permission USING btree (content_type_id);


--
-- Name: auth_user_groups_group_id_97559544; Type: INDEX; Schema: public; Owner: postgres
--

CREATE INDEX auth_user_groups_group_id_97559544 ON public.auth_user_groups USING btree (group_id);


--
-- Name: auth_user_groups_user_id_6a12ed8b; Type: INDEX; Schema: public; Owner: postgres
--

CREATE INDEX auth_user_groups_user_id_6a12ed8b ON public.auth_user_groups USING btree (user_id);


--
-- Name: auth_user_user_permissions_permission_id_1fbb5f2c; Type: INDEX; Schema: public; Owner: postgres
--

CREATE INDEX auth_user_user_permissions_permission_id_1fbb5f2c ON public.auth_user_user_permissions USING btree (permission_id);


--
-- Name: auth_user_user_permissions_user_id_a95ead1b; Type: INDEX; Schema: public; Owner: postgres
--

CREATE INDEX auth_user_user_permissions_user_id_a95ead1b ON public.auth_user_user_permissions USING btree (user_id);


--
-- Name: auth_user_username_6821ab7c_like; Type: INDEX; Schema: public; Owner: postgres
--

CREATE INDEX auth_user_username_6821ab7c_like ON public.auth_user USING btree (username varchar_pattern_ops);


--
-- Name: django_admin_log_content_type_id_c4bce8eb; Type: INDEX; Schema: public; Owner: postgres
--

CREATE INDEX django_admin_log_content_type_id_c4bce8eb ON public.django_admin_log USING btree (content_type_id);


--
-- Name: django_admin_log_user_id_c564eba6; Type: INDEX; Schema: public; Owner: postgres
--

CREATE INDEX django_admin_log_user_id_c564eba6 ON public.django_admin_log USING btree (user_id);


--
-- Name: django_session_expire_date_a5c62663; Type: INDEX; Schema: public; Owner: postgres
--

CREATE INDEX django_session_expire_date_a5c62663 ON public.django_session USING btree (expire_date);


--
-- Name: django_session_session_key_c0390e0f_like; Type: INDEX; Schema: public; Owner: postgres
--

CREATE INDEX django_session_session_key_c0390e0f_like ON public.django_session USING btree (session_key varchar_pattern_ops);


--
-- Name: django_site_domain_a2e37b91_like; Type: INDEX; Schema: public; Owner: postgres
--

CREATE INDEX django_site_domain_a2e37b91_like ON public.django_site USING btree (domain varchar_pattern_ops);


--
-- Name: socialaccount_socialaccount_user_id_8146e70c; Type: INDEX; Schema: public; Owner: postgres
--

CREATE INDEX socialaccount_socialaccount_user_id_8146e70c ON public.socialaccount_socialaccount USING btree (user_id);


--
-- Name: socialaccount_socialapp_sites_site_id_2579dee5; Type: INDEX; Schema: public; Owner: postgres
--

CREATE INDEX socialaccount_socialapp_sites_site_id_2579dee5 ON public.socialaccount_socialapp_sites USING btree (site_id);


--
-- Name: socialaccount_socialapp_sites_socialapp_id_97fb6e7d; Type: INDEX; Schema: public; Owner: postgres
--

CREATE INDEX socialaccount_socialapp_sites_socialapp_id_97fb6e7d ON public.socialaccount_socialapp_sites USING btree (socialapp_id);


--
-- Name: socialaccount_socialtoken_account_id_951f210e; Type: INDEX; Schema: public; Owner: postgres
--

CREATE INDEX socialaccount_socialtoken_account_id_951f210e ON public.socialaccount_socialtoken USING btree (account_id);


--
-- Name: socialaccount_socialtoken_app_id_636a42d7; Type: INDEX; Schema: public; Owner: postgres
--

CREATE INDEX socialaccount_socialtoken_app_id_636a42d7 ON public.socialaccount_socialtoken USING btree (app_id);


--
-- Name: unique_primary_email; Type: INDEX; Schema: public; Owner: postgres
--

CREATE UNIQUE INDEX unique_primary_email ON public.account_emailaddress USING btree (user_id, "primary") WHERE "primary";


--
-- Name: unique_verified_email; Type: INDEX; Schema: public; Owner: postgres
--

CREATE UNIQUE INDEX unique_verified_email ON public.account_emailaddress USING btree (email) WHERE verified;


--
-- Name: Amazonclone_address Amazonclone_address_user_id_a920d3bb_fk_auth_user_id; Type: FK CONSTRAINT; Schema: public; Owner: postgres
--

ALTER TABLE ONLY public."Amazonclone_address"
    ADD CONSTRAINT "Amazonclone_address_user_id_a920d3bb_fk_auth_user_id" FOREIGN KEY (user_id) REFERENCES public.auth_user(id) DEFERRABLE INITIALLY DEFERRED;


--
-- Name: Amazonclone_cart Amazonclone_cart_product_id_9347072c_fk_Amazonclone_product_id; Type: FK CONSTRAINT; Schema: public; Owner: postgres
--

ALTER TABLE ONLY public."Amazonclone_cart"
    ADD CONSTRAINT "Amazonclone_cart_product_id_9347072c_fk_Amazonclone_product_id" FOREIGN KEY (product_id) REFERENCES public."Amazonclone_product"(id) DEFERRABLE INITIALLY DEFERRED;


--
-- Name: Amazonclone_cart Amazonclone_cart_user_id_2f10c461_fk_auth_user_id; Type: FK CONSTRAINT; Schema: public; Owner: postgres
--

ALTER TABLE ONLY public."Amazonclone_cart"
    ADD CONSTRAINT "Amazonclone_cart_user_id_2f10c461_fk_auth_user_id" FOREIGN KEY (user_id) REFERENCES public.auth_user(id) DEFERRABLE INITIALLY DEFERRED;


--
-- Name: Amazonclone_order Amazonclone_order_user_id_c6730279_fk_auth_user_id; Type: FK CONSTRAINT; Schema: public; Owner: postgres
--

ALTER TABLE ONLY public."Amazonclone_order"
    ADD CONSTRAINT "Amazonclone_order_user_id_c6730279_fk_auth_user_id" FOREIGN KEY (user_id) REFERENCES public.auth_user(id) DEFERRABLE INITIALLY DEFERRED;


--
-- Name: Amazonclone_orderitem Amazonclone_orderitem_order_id_ae87e8f8_fk_Amazonclone_order_id; Type: FK CONSTRAINT; Schema: public; Owner: postgres
--

ALTER TABLE ONLY public."Amazonclone_orderitem"
    ADD CONSTRAINT "Amazonclone_orderitem_order_id_ae87e8f8_fk_Amazonclone_order_id" FOREIGN KEY (order_id) REFERENCES public."Amazonclone_order"(id) DEFERRABLE INITIALLY DEFERRED;


--
-- Name: Amazonclone_otpverification Amazonclone_otpverification_user_id_d5fb21f4_fk_auth_user_id; Type: FK CONSTRAINT; Schema: public; Owner: postgres
--

ALTER TABLE ONLY public."Amazonclone_otpverification"
    ADD CONSTRAINT "Amazonclone_otpverification_user_id_d5fb21f4_fk_auth_user_id" FOREIGN KEY (user_id) REFERENCES public.auth_user(id) DEFERRABLE INITIALLY DEFERRED;


--
-- Name: Amazonclone_productquestion Amazonclone_productq_product_id_43909d05_fk_Amazonclo; Type: FK CONSTRAINT; Schema: public; Owner: postgres
--

ALTER TABLE ONLY public."Amazonclone_productquestion"
    ADD CONSTRAINT "Amazonclone_productq_product_id_43909d05_fk_Amazonclo" FOREIGN KEY (product_id) REFERENCES public."Amazonclone_product"(id) DEFERRABLE INITIALLY DEFERRED;


--
-- Name: Amazonclone_productquestion Amazonclone_productquestion_user_id_8d950c78_fk_auth_user_id; Type: FK CONSTRAINT; Schema: public; Owner: postgres
--

ALTER TABLE ONLY public."Amazonclone_productquestion"
    ADD CONSTRAINT "Amazonclone_productquestion_user_id_8d950c78_fk_auth_user_id" FOREIGN KEY (user_id) REFERENCES public.auth_user(id) DEFERRABLE INITIALLY DEFERRED;


--
-- Name: Amazonclone_profile Amazonclone_profile_default_address_id_c11d31bf_fk_Amazonclo; Type: FK CONSTRAINT; Schema: public; Owner: postgres
--

ALTER TABLE ONLY public."Amazonclone_profile"
    ADD CONSTRAINT "Amazonclone_profile_default_address_id_c11d31bf_fk_Amazonclo" FOREIGN KEY (default_address_id) REFERENCES public."Amazonclone_address"(id) DEFERRABLE INITIALLY DEFERRED;


--
-- Name: Amazonclone_profile Amazonclone_profile_user_id_01676963_fk_auth_user_id; Type: FK CONSTRAINT; Schema: public; Owner: postgres
--

ALTER TABLE ONLY public."Amazonclone_profile"
    ADD CONSTRAINT "Amazonclone_profile_user_id_01676963_fk_auth_user_id" FOREIGN KEY (user_id) REFERENCES public.auth_user(id) DEFERRABLE INITIALLY DEFERRED;


--
-- Name: Amazonclone_review Amazonclone_review_product_id_8325bab4_fk_Amazonclo; Type: FK CONSTRAINT; Schema: public; Owner: postgres
--

ALTER TABLE ONLY public."Amazonclone_review"
    ADD CONSTRAINT "Amazonclone_review_product_id_8325bab4_fk_Amazonclo" FOREIGN KEY (product_id) REFERENCES public."Amazonclone_product"(id) DEFERRABLE INITIALLY DEFERRED;


--
-- Name: Amazonclone_review Amazonclone_review_user_id_d52788e1_fk_auth_user_id; Type: FK CONSTRAINT; Schema: public; Owner: postgres
--

ALTER TABLE ONLY public."Amazonclone_review"
    ADD CONSTRAINT "Amazonclone_review_user_id_d52788e1_fk_auth_user_id" FOREIGN KEY (user_id) REFERENCES public.auth_user(id) DEFERRABLE INITIALLY DEFERRED;


--
-- Name: Amazonclone_stockalert Amazonclone_stockale_product_id_80bfdcd0_fk_Amazonclo; Type: FK CONSTRAINT; Schema: public; Owner: postgres
--

ALTER TABLE ONLY public."Amazonclone_stockalert"
    ADD CONSTRAINT "Amazonclone_stockale_product_id_80bfdcd0_fk_Amazonclo" FOREIGN KEY (product_id) REFERENCES public."Amazonclone_product"(id) DEFERRABLE INITIALLY DEFERRED;


--
-- Name: Amazonclone_stockalert Amazonclone_stockalert_user_id_c08859e9_fk_auth_user_id; Type: FK CONSTRAINT; Schema: public; Owner: postgres
--

ALTER TABLE ONLY public."Amazonclone_stockalert"
    ADD CONSTRAINT "Amazonclone_stockalert_user_id_c08859e9_fk_auth_user_id" FOREIGN KEY (user_id) REFERENCES public.auth_user(id) DEFERRABLE INITIALLY DEFERRED;


--
-- Name: Amazonclone_stocknotification Amazonclone_stocknot_product_id_d88df8de_fk_Amazonclo; Type: FK CONSTRAINT; Schema: public; Owner: postgres
--

ALTER TABLE ONLY public."Amazonclone_stocknotification"
    ADD CONSTRAINT "Amazonclone_stocknot_product_id_d88df8de_fk_Amazonclo" FOREIGN KEY (product_id) REFERENCES public."Amazonclone_product"(id) DEFERRABLE INITIALLY DEFERRED;


--
-- Name: Amazonclone_stocknotification Amazonclone_stocknotification_user_id_dacce4ad_fk_auth_user_id; Type: FK CONSTRAINT; Schema: public; Owner: postgres
--

ALTER TABLE ONLY public."Amazonclone_stocknotification"
    ADD CONSTRAINT "Amazonclone_stocknotification_user_id_dacce4ad_fk_auth_user_id" FOREIGN KEY (user_id) REFERENCES public.auth_user(id) DEFERRABLE INITIALLY DEFERRED;


--
-- Name: Amazonclone_userlocation Amazonclone_userlocation_user_id_c0d36154_fk_auth_user_id; Type: FK CONSTRAINT; Schema: public; Owner: postgres
--

ALTER TABLE ONLY public."Amazonclone_userlocation"
    ADD CONSTRAINT "Amazonclone_userlocation_user_id_c0d36154_fk_auth_user_id" FOREIGN KEY (user_id) REFERENCES public.auth_user(id) DEFERRABLE INITIALLY DEFERRED;


--
-- Name: account_emailaddress account_emailaddress_user_id_2c513194_fk_auth_user_id; Type: FK CONSTRAINT; Schema: public; Owner: postgres
--

ALTER TABLE ONLY public.account_emailaddress
    ADD CONSTRAINT account_emailaddress_user_id_2c513194_fk_auth_user_id FOREIGN KEY (user_id) REFERENCES public.auth_user(id) DEFERRABLE INITIALLY DEFERRED;


--
-- Name: account_emailconfirmation account_emailconfirm_email_address_id_5b7f8c58_fk_account_e; Type: FK CONSTRAINT; Schema: public; Owner: postgres
--

ALTER TABLE ONLY public.account_emailconfirmation
    ADD CONSTRAINT account_emailconfirm_email_address_id_5b7f8c58_fk_account_e FOREIGN KEY (email_address_id) REFERENCES public.account_emailaddress(id) DEFERRABLE INITIALLY DEFERRED;


--
-- Name: auth_group_permissions auth_group_permissio_permission_id_84c5c92e_fk_auth_perm; Type: FK CONSTRAINT; Schema: public; Owner: postgres
--

ALTER TABLE ONLY public.auth_group_permissions
    ADD CONSTRAINT auth_group_permissio_permission_id_84c5c92e_fk_auth_perm FOREIGN KEY (permission_id) REFERENCES public.auth_permission(id) DEFERRABLE INITIALLY DEFERRED;


--
-- Name: auth_group_permissions auth_group_permissions_group_id_b120cbf9_fk_auth_group_id; Type: FK CONSTRAINT; Schema: public; Owner: postgres
--

ALTER TABLE ONLY public.auth_group_permissions
    ADD CONSTRAINT auth_group_permissions_group_id_b120cbf9_fk_auth_group_id FOREIGN KEY (group_id) REFERENCES public.auth_group(id) DEFERRABLE INITIALLY DEFERRED;


--
-- Name: auth_permission auth_permission_content_type_id_2f476e4b_fk_django_co; Type: FK CONSTRAINT; Schema: public; Owner: postgres
--

ALTER TABLE ONLY public.auth_permission
    ADD CONSTRAINT auth_permission_content_type_id_2f476e4b_fk_django_co FOREIGN KEY (content_type_id) REFERENCES public.django_content_type(id) DEFERRABLE INITIALLY DEFERRED;


--
-- Name: auth_user_groups auth_user_groups_group_id_97559544_fk_auth_group_id; Type: FK CONSTRAINT; Schema: public; Owner: postgres
--

ALTER TABLE ONLY public.auth_user_groups
    ADD CONSTRAINT auth_user_groups_group_id_97559544_fk_auth_group_id FOREIGN KEY (group_id) REFERENCES public.auth_group(id) DEFERRABLE INITIALLY DEFERRED;


--
-- Name: auth_user_groups auth_user_groups_user_id_6a12ed8b_fk_auth_user_id; Type: FK CONSTRAINT; Schema: public; Owner: postgres
--

ALTER TABLE ONLY public.auth_user_groups
    ADD CONSTRAINT auth_user_groups_user_id_6a12ed8b_fk_auth_user_id FOREIGN KEY (user_id) REFERENCES public.auth_user(id) DEFERRABLE INITIALLY DEFERRED;


--
-- Name: auth_user_user_permissions auth_user_user_permi_permission_id_1fbb5f2c_fk_auth_perm; Type: FK CONSTRAINT; Schema: public; Owner: postgres
--

ALTER TABLE ONLY public.auth_user_user_permissions
    ADD CONSTRAINT auth_user_user_permi_permission_id_1fbb5f2c_fk_auth_perm FOREIGN KEY (permission_id) REFERENCES public.auth_permission(id) DEFERRABLE INITIALLY DEFERRED;


--
-- Name: auth_user_user_permissions auth_user_user_permissions_user_id_a95ead1b_fk_auth_user_id; Type: FK CONSTRAINT; Schema: public; Owner: postgres
--

ALTER TABLE ONLY public.auth_user_user_permissions
    ADD CONSTRAINT auth_user_user_permissions_user_id_a95ead1b_fk_auth_user_id FOREIGN KEY (user_id) REFERENCES public.auth_user(id) DEFERRABLE INITIALLY DEFERRED;


--
-- Name: django_admin_log django_admin_log_content_type_id_c4bce8eb_fk_django_co; Type: FK CONSTRAINT; Schema: public; Owner: postgres
--

ALTER TABLE ONLY public.django_admin_log
    ADD CONSTRAINT django_admin_log_content_type_id_c4bce8eb_fk_django_co FOREIGN KEY (content_type_id) REFERENCES public.django_content_type(id) DEFERRABLE INITIALLY DEFERRED;


--
-- Name: django_admin_log django_admin_log_user_id_c564eba6_fk_auth_user_id; Type: FK CONSTRAINT; Schema: public; Owner: postgres
--

ALTER TABLE ONLY public.django_admin_log
    ADD CONSTRAINT django_admin_log_user_id_c564eba6_fk_auth_user_id FOREIGN KEY (user_id) REFERENCES public.auth_user(id) DEFERRABLE INITIALLY DEFERRED;


--
-- Name: socialaccount_socialtoken socialaccount_social_account_id_951f210e_fk_socialacc; Type: FK CONSTRAINT; Schema: public; Owner: postgres
--

ALTER TABLE ONLY public.socialaccount_socialtoken
    ADD CONSTRAINT socialaccount_social_account_id_951f210e_fk_socialacc FOREIGN KEY (account_id) REFERENCES public.socialaccount_socialaccount(id) DEFERRABLE INITIALLY DEFERRED;


--
-- Name: socialaccount_socialtoken socialaccount_social_app_id_636a42d7_fk_socialacc; Type: FK CONSTRAINT; Schema: public; Owner: postgres
--

ALTER TABLE ONLY public.socialaccount_socialtoken
    ADD CONSTRAINT socialaccount_social_app_id_636a42d7_fk_socialacc FOREIGN KEY (app_id) REFERENCES public.socialaccount_socialapp(id) DEFERRABLE INITIALLY DEFERRED;


--
-- Name: socialaccount_socialapp_sites socialaccount_social_site_id_2579dee5_fk_django_si; Type: FK CONSTRAINT; Schema: public; Owner: postgres
--

ALTER TABLE ONLY public.socialaccount_socialapp_sites
    ADD CONSTRAINT socialaccount_social_site_id_2579dee5_fk_django_si FOREIGN KEY (site_id) REFERENCES public.django_site(id) DEFERRABLE INITIALLY DEFERRED;


--
-- Name: socialaccount_socialapp_sites socialaccount_social_socialapp_id_97fb6e7d_fk_socialacc; Type: FK CONSTRAINT; Schema: public; Owner: postgres
--

ALTER TABLE ONLY public.socialaccount_socialapp_sites
    ADD CONSTRAINT socialaccount_social_socialapp_id_97fb6e7d_fk_socialacc FOREIGN KEY (socialapp_id) REFERENCES public.socialaccount_socialapp(id) DEFERRABLE INITIALLY DEFERRED;


--
-- Name: socialaccount_socialaccount socialaccount_socialaccount_user_id_8146e70c_fk_auth_user_id; Type: FK CONSTRAINT; Schema: public; Owner: postgres
--

ALTER TABLE ONLY public.socialaccount_socialaccount
    ADD CONSTRAINT socialaccount_socialaccount_user_id_8146e70c_fk_auth_user_id FOREIGN KEY (user_id) REFERENCES public.auth_user(id) DEFERRABLE INITIALLY DEFERRED;


--
-- PostgreSQL database dump complete
--

